
    {
      "$schema": "http://json-schema.org/draft-07/schema#",
      "type": "object",
      "description": "Column Chart item",
      "properties": {
        "type": {
          "description": "Type of the item",
          "type": "string",
          "const": "column-chart"
        },
        "options": {
          "description": "Options of the Column Chart item",
          "$ref": "/assets/json-schemas/0.1.86/column-chart-options-0.1.86.schema.json"
        },
        
        "slots": {
          "description": "Data definition of the Column Chart item",
          "$ref": "/assets/json-schemas/0.1.86/column-chart-slots-0.1.86.schema.json"
        }
    
      }
    }
  