
    {
      "$schema": "http://json-schema.org/draft-07/schema#",
      "type": "object",
      "description": "Dropdown Filter item",
      "properties": {
        "type": {
          "description": "Type of the item",
          "type": "string",
          "const": "dropdown-filter"
        },
        "options": {
          "description": "Options of the Dropdown Filter item",
          "$ref": "/assets/json-schemas/0.1.86/dropdown-filter-options-0.1.86.schema.json"
        },
        
        "slots": {
          "description": "Data definition of the Dropdown Filter item",
          "$ref": "/assets/json-schemas/0.1.86/dropdown-filter-slots-0.1.86.schema.json"
        }
    
      }
    }
  