
    {
      "$schema": "http://json-schema.org/draft-07/schema#",
      "type": "object",
      "description": "Evolution Number item",
      "properties": {
        "type": {
          "description": "Type of the item",
          "type": "string",
          "const": "evolution-number"
        },
        "options": {
          "description": "Options of the Evolution Number item",
          "$ref": "/assets/json-schemas/0.1.86/evolution-number-options-0.1.86.schema.json"
        },
        
        "slots": {
          "description": "Data definition of the Evolution Number item",
          "$ref": "/assets/json-schemas/0.1.86/evolution-number-slots-0.1.86.schema.json"
        }
    
      }
    }
  