
    {
      "$schema": "http://json-schema.org/draft-07/schema#",
      "type": "object",
      "description": "Line Chart item",
      "properties": {
        "type": {
          "description": "Type of the item",
          "type": "string",
          "const": "line-chart"
        },
        "options": {
          "description": "Options of the Line Chart item",
          "$ref": "/assets/json-schemas/0.1.86/line-chart-options-0.1.86.schema.json"
        },
        
        "slots": {
          "description": "Data definition of the Line Chart item",
          "$ref": "/assets/json-schemas/0.1.86/line-chart-slots-0.1.86.schema.json"
        }
    
      }
    }
  