
    {
      "$schema": "http://json-schema.org/draft-07/schema#",
      "type": "object",
      "description": "Pivot Table item",
      "properties": {
        "type": {
          "description": "Type of the item",
          "type": "string",
          "const": "pivot-table"
        },
        "options": {
          "description": "Options of the Pivot Table item",
          "$ref": "/assets/json-schemas/0.1.86/pivot-table-options-0.1.86.schema.json"
        },
        
        "slots": {
          "description": "Data definition of the Pivot Table item",
          "$ref": "/assets/json-schemas/0.1.86/pivot-table-slots-0.1.86.schema.json"
        }
    
      }
    }
  