{"angular":{"customFiles":{"html":"<div class=\"main-numbers\">\n  <luzmo-viz-item\n    type=\"evolution-number\"\n    [options]=\"{ title: { en: 'Always shows'}}\">\n  </luzmo-viz-item>\n  <luzmo-viz-item\n    type=\"evolution-number\"\n    class=\"d-none d-lg-flex\"\n    [options]=\"{ title: { en: 'shows when > 1200px'}}\">\n  </luzmo-viz-item>\n  <luzmo-viz-item\n    type=\"evolution-number\"\n    [options]=\"{ title: { en: 'Always shows'}}\">\n  </luzmo-viz-item>\n</div>\n<div class=\"charts\">\n  <luzmo-viz-item\n    type=\"bar-chart\"\n    class=\"d-none d-lg-flex\"\n    [options]=\"{ title: { en: 'shows when > 1200px'}}\">\n  </luzmo-viz-item>\n  <luzmo-viz-item\n    type=\"line-chart\"\n    class=\"d-block d-lg-none\"\n    [options]=\"{ title: { en: 'shows below 1200px wide'}}\">\n  </luzmo-viz-item>\n  <luzmo-viz-item\n    type=\"bubble-chart\"\n    class=\"d-none d-lg-flex\"\n    [options]=\"{ title: { en: 'shows when > 1200px'}}\">\n  </luzmo-viz-item>\n</div>\n","scss":".d-none {\n  display: none;\n}\n.d-block {\n  display: block;\n}\nluzmo-viz-item {\n  border: 1px solid rgba(0,0,0,.125);\n  border-radius: .5rem;\n  margin-bottom: 1rem;\n}\n.main-numbers luzmo-viz-item {\n  height: 100px;\n}\n.charts luzmo-viz-item {\n  height: 300px;\n}\n\n// Medium devices (tablets, 768px and up)\n@media (min-width: 992px) {\n  .main-numbers luzmo-viz-item {\n    height: 200px;\n  }\n  .charts luzmo-viz-item {\n    height: 400px;\n  }\n}\n\n// X-Large devices (large desktops, 1200px and up)\n@media (min-width: 1200px) {\n  .charts, .main-numbers {\n    display: flex;\n    gap: 1rem;\n  }\n  .d-lg-flex {\n    display: flex;\n  }\n  .d-lg-none {\n    display: none;\n  }\n}","ts":"import { Component } from '@angular/core';\nimport { NgxLuzmoVizItemComponent } from '@luzmo/ngx-embed';\n\n@Component({\n  selector: 'app-adaptive-charts',\n  standalone: true,\n  imports: [NgxLuzmoVizItemComponent],\n  templateUrl: './adaptive-charts.component.html',\n  styleUrl: './adaptive-charts.component.scss'\n})\nexport class AdaptiveChartsComponent {\n\n}\n"}}}