{"angular":{"customFiles":{"html":"<p>Drag bottom right corner to resize</p>\n<div class=\"resizable\">\n  <luzmo-viz-item\n  type=\"line-chart\">\n  </luzmo-viz-item>\n</div>\n","scss":"div.resizable {\n  resize: both;\n  overflow: auto;\n  width: 500px;\n  height: 400px;\n  border: 1px solid #aaa;\n  border-radius: .25rem;\n}\n","ts":"import { Component } from '@angular/core';\nimport { NgxLuzmoVizItemComponent } from '@luzmo/ngx-embed';\n\n@Component({\n  selector: 'app-change-chart-dimensions',\n  standalone: true,\n  imports: [NgxLuzmoVizItemComponent],\n  templateUrl: './change-chart-dimensions.component.html',\n  styleUrl: './change-chart-dimensions.component.scss'\n})\nexport class ChangeChartDimensionsComponent {\n\n}\n"}}}