{"angular":{"customFiles":{"html":"Let's check if we can get to the CSS of the shadowroot of the chart or if we need to add a CSS input.\n<luzmo-viz-item\n  #chart\n  type=\"area-chart\"\n  style=\"max-width:800px; height:500px;\"\n  [options]=\"options\">\n</luzmo-viz-item>\n","scss":".widget-tooltip {\n  background-color: red !important;\n}","ts":"import { Component, ElementRef, OnInit, viewChild } from '@angular/core';\nimport { NgxLuzmoVizItemComponent } from '@luzmo/ngx-embed';\n\n@Component({\n  selector: 'app-chart-css-overides',\n  standalone: true,\n  imports: [NgxLuzmoVizItemComponent],\n  templateUrl: './chart-css-overrides.component.html',\n  styleUrl: './chart-css-overrides.component.scss'\n})\nexport class ChartCSSOverridesComponent implements OnInit{\n  chart = viewChild<any>('chart');\n\n  options: any = {\n    display: { title: false }\n  };\n\n  ngOnInit() {\n    this.addStyleToShadowDom();\n  }\n\n  addStyleToShadowDom() {\n    const style = document.createElement( 'style' );\n    style.innerHTML = '.widget-wrapper { background-color: red !important; }';\n\n    // doesn't work\n    this.chart().elementRef.nativeElement.shadowRoot?.appendChild( style );\n  }\n}"}}}