{"angular":{"customFiles":{"html":"<div class=\"chart-container\">\n  <ng-container *ngFor=\"let content of chartContent\">\n    <luzmo-viz-item\n      style=\"height: 15rem; max-width: 45rem;\"\n      class=\"chart\"\n      [type]=\"content.type\"\n      [contextId]=\"content.type\"\n      [slots]=\"content.slots\"\n      [options]=\"content.options\"\n      [canFilter]=\"content.canFilter\"\n      [authKey]=\"authKey\"\n      [authToken]=\"authToken\">\n    </luzmo-viz-item>\n  </ng-container>\n</div>\n","scss":"// display first two value side by side and all the values below them\n.chart-container {\n  display: flex;\n  flex-direction: column;\n  gap: 1rem;\n}","ts":"import { NgFor } from '@angular/common';\nimport { Component } from '@angular/core';\nimport { ItemType, NgxLuzmoVizItemComponent, Slots, VizItemOptions } from '@luzmo/ngx-embed';\n\n@Component({\n  selector: 'app-filter-context-sharing',\n  standalone: true,\n  imports: [NgxLuzmoVizItemComponent, NgFor],\n  templateUrl: './filter-context-sharing.component.html',\n  styleUrl: './filter-context-sharing.component.scss',\n})\nexport class FilterContextSharingComponent {\n  authKey = 'cfd1608f-13c3-4809-b9bf-4128e60583cc';\n  authToken =\n    't8R5zQlMHat2yDN6j8OxMkw32sk9A0Z5Oj5DyLGDw3j4XGJ9V9EkmyDHmQfSHoDJuUw9yL4UCMkwBnV9uc7rEVIi7seciPL9VoiWnbUefaVKRTkvkrfDhd0rrk8PVeCHGEVNgWCv903MEKBUBsnNS7';\n\n  chartContent: {\n    type: ItemType;\n    canFilter?: 'all' | string[];\n    options: VizItemOptions;\n    slots: Slots;\n  }[] = [\n      {\n        type: 'line-chart',\n        canFilter: ['regular-table'],\n        options: {\n          display: {\n            title: true,\n            legend: true,\n          },\n          title: {\n            en: 'Purchase value per month (this chart can only filter regular table)',\n          },\n        },\n        slots: [\n          {\n            name: 'measure',\n            content: [\n              {\n                column: '67e84035-b7d9-4676-aa2c-729b95758a38',\n                set: '57490095-4fcd-44d9-8b60-fead60ea4110',\n                label: {\n                  en: 'Purchase value',\n                },\n                type: 'numeric',\n                subtype: null,\n                format: ',.0af',\n                lowestLevel: 0,\n                currency: null,\n              },\n            ],\n          },\n          {\n            name: 'x-axis',\n            content: [\n              {\n                column: '01d932e8-342a-4b8e-9271-094422afced9',\n                set: '57490095-4fcd-44d9-8b60-fead60ea4110',\n                label: {\n                  en: 'Purchase date (Mth)',\n                },\n                type: 'datetime',\n                subtype: null,\n\n                format: '%d-%m-%Y %H:%M:%S.%L',\n                lowestLevel: 9,\n                level: 3,\n                currency: null,\n              },\n            ],\n          },\n        ],\n      },\n      {\n        type: 'column-chart',\n        canFilter: 'all',\n        options: {\n          mode: 'grouped',\n          bars: {\n            label: 'absolute',\n            roundedCorners: 5,\n          },\n          display: {\n            title: true,\n            legend: true,\n            modeOption: false,\n          },\n          title: {\n            en: 'Purchase value by location and type (this chart can filter all other charts)',\n          },\n        },\n        slots: [\n          {\n            name: 'measure',\n            content: [\n              {\n                column: '67e84035-b7d9-4676-aa2c-729b95758a38',\n                set: '57490095-4fcd-44d9-8b60-fead60ea4110',\n                label: {\n                  en: 'Purchase value',\n                },\n                type: 'numeric',\n                subtype: null,\n\n                format: ',.0af',\n                lowestLevel: 0,\n                currency: null,\n              },\n            ],\n          },\n          {\n            name: 'x-axis',\n            content: [\n              {\n                column: '7e34d908-b332-49f7-aada-2f87f48bec1c',\n                set: '57490095-4fcd-44d9-8b60-fead60ea4110',\n                label: {\n                  en: 'Purchase location',\n                },\n                type: 'hierarchy',\n                subtype: null,\n\n                lowestLevel: 0,\n                level: null,\n                currency: null,\n              },\n            ],\n          },\n          {\n            name: 'legend',\n            content: [\n              {\n                column: 'f355f9a2-2b0f-46de-b9eb-c73e477ab17d',\n                set: '57490095-4fcd-44d9-8b60-fead60ea4110',\n                label: {\n                  en: 'Producttype',\n                },\n                type: 'hierarchy',\n                subtype: null,\n\n                lowestLevel: 0,\n                level: null,\n                currency: null,\n              },\n            ],\n          },\n        ],\n      },\n      {\n        type: 'regular-table',\n        options: {\n          display: {\n            title: false,\n          },\n          title: {\n            en: 'Data table',\n          },\n        },\n        slots: [\n          {\n            name: 'columns',\n            content: [\n              {\n                column: '01d932e8-342a-4b8e-9271-094422afced9',\n                set: '57490095-4fcd-44d9-8b60-fead60ea4110',\n                label: {\n                  en: 'Purchase date',\n                },\n                type: 'datetime',\n                subtype: null,\n\n                format: '%e %B %Y',\n                lowestLevel: 9,\n                level: 5,\n                id: 'f14ce3b9-73ec-4b83-82f7-b78ef2ee251f',\n                currency: null,\n              },\n              {\n                column: '67e84035-b7d9-4676-aa2c-729b95758a38',\n                set: '57490095-4fcd-44d9-8b60-fead60ea4110',\n                label: {\n                  en: 'Purchase value',\n                },\n                type: 'numeric',\n                subtype: null,\n\n                format: ',.0af',\n                bins: {\n                  enabled: true,\n                  number: 10,\n                },\n                id: '62683148-3dd0-422c-ac3d-b8d10210ef89',\n                lowestLevel: 0,\n                currency: null,\n              },\n              {\n                column: 'f355f9a2-2b0f-46de-b9eb-c73e477ab17d',\n                set: '57490095-4fcd-44d9-8b60-fead60ea4110',\n                label: {\n                  en: 'Product type',\n                },\n                type: 'hierarchy',\n                subtype: null,\n\n                lowestLevel: 0,\n                level: null,\n                id: 'eae0cce0-c8eb-4bc0-921e-2f78b9b087e6',\n                currency: null,\n              },\n              {\n                column: '4dc062ca-ee8c-46af-9850-fd26d5c1f85b',\n                set: '57490095-4fcd-44d9-8b60-fead60ea4110',\n                label: {\n                  en: 'Card type',\n                },\n                type: 'hierarchy',\n                subtype: null,\n\n                lowestLevel: 0,\n                level: null,\n                id: '51176e70-0db1-4243-a95e-a23a98ad4aba',\n                currency: null,\n              },\n              {\n                column: '7e34d908-b332-49f7-aada-2f87f48bec1c',\n                set: '57490095-4fcd-44d9-8b60-fead60ea4110',\n                label: {\n                  en: 'Purchase location',\n                },\n                type: 'hierarchy',\n                subtype: null,\n\n                lowestLevel: 0,\n                level: null,\n                id: 'aa0d3c73-1afd-4295-91c9-6ef410d6f583',\n                currency: null,\n              },\n              {\n                column: 'e5252630-729d-433e-8293-20cd61ecba7e',\n                set: '57490095-4fcd-44d9-8b60-fead60ea4110',\n                label: {\n                  en: 'Brand',\n                },\n                type: 'hierarchy',\n                subtype: null,\n\n                lowestLevel: 0,\n                level: null,\n                id: 'a017a124-6650-4319-a160-f84d80e8b7a6',\n                currency: null,\n              },\n            ],\n          },\n        ]\n      },\n    ];\n\n}\n"}}}