{"angular":{"customFiles":{"html":"<div class=\"main-numbers\">\n  <luzmo-viz-item\n    type=\"evolution-number\">\n  </luzmo-viz-item>\n  <luzmo-viz-item\n    type=\"evolution-number\">\n  </luzmo-viz-item>\n  <luzmo-viz-item\n    type=\"evolution-number\">\n  </luzmo-viz-item>\n</div>\n<div class=\"charts\">\n  <luzmo-viz-item\n    type=\"bar-chart\">\n  </luzmo-viz-item>\n  <luzmo-viz-item\n    type=\"line-chart\">\n  </luzmo-viz-item>\n</div>","scss":"luzmo-viz-item {\n  border: 1px solid rgba(0,0,0,.125);\n  border-radius: .5rem;\n  margin-bottom: 1rem;\n}\n.main-numbers luzmo-viz-item {\n  height: 100px;\n}\n.charts luzmo-viz-item {\n  height: 300px;\n}\n\n// Medium devices (tablets, 768px and up)\n@media (min-width: 992px) {\n  .main-numbers luzmo-viz-item {\n    height: 200px;\n  }\n  .charts luzmo-viz-item {\n    height: 400px;\n  }\n}\n\n// X-Large devices (large desktops, 1200px and up)\n@media (min-width: 1200px) {\n  .charts, .main-numbers {\n    display: flex;\n    gap: 1rem;\n  }\n}","ts":"import { Component } from '@angular/core';\nimport { NgxLuzmoVizItemComponent } from '@luzmo/ngx-embed';\n\n@Component({\n  selector: 'app-responsive-charts',\n  standalone: true,\n  imports: [NgxLuzmoVizItemComponent],\n  templateUrl: './responsive-charts.component.html',\n  styleUrl: './responsive-charts.component.scss'\n})\nexport class ResponsiveChartsComponent { }\n"}}}