{"angular":{"packageJson":{"name":"luzmo-angular-example","version":"0.0.1","scripts":{"ng":"ng","start":"ng serve","build":"ng build","watch":"ng build --watch --configuration development","test":"ng test"},"private":true,"dependencies":{"@angular/animations":"^17.3.0","@angular/common":"^17.3.0","@angular/compiler":"^17.3.0","@angular/core":"^17.3.0","@angular/forms":"^17.3.0","@angular/platform-browser":"^17.3.0","@angular/platform-browser-dynamic":"^17.3.0","@angular/router":"^17.3.0","@luzmo/ngx-embed":"6.1.7-beta.8","rxjs":"~7.8.0","tslib":"^2.3.0","zone.js":"~0.14.3"},"devDependencies":{"@angular-devkit/build-angular":"^17.3.3","@angular/cli":"^17.3.3","@angular/compiler-cli":"^17.3.0","@types/jasmine":"~5.1.0","jasmine-core":"~5.1.0","karma":"~6.4.0","karma-chrome-launcher":"~3.2.0","karma-coverage":"~2.2.0","karma-jasmine":"~5.1.0","karma-jasmine-html-reporter":"~2.1.0","typescript":"~5.4.2"}},"starterFiles":{"angular.json":"{\n  \"$schema\": \"./node_modules/@angular/cli/lib/config/schema.json\",\n  \"version\": 1,\n  \"newProjectRoot\": \"projects\",\n  \"projects\": {\n    \"luzmo-angular-example\": {\n      \"projectType\": \"application\",\n      \"schematics\": {\n        \"@schematics/angular:component\": {\n          \"style\": \"scss\"\n        }\n      },\n      \"root\": \"\",\n      \"sourceRoot\": \"src\",\n      \"prefix\": \"app\",\n      \"architect\": {\n        \"build\": {\n          \"builder\": \"@angular-devkit/build-angular:application\",\n          \"options\": {\n            \"outputPath\": \"dist/luzmo-angular-example\",\n            \"index\": \"src/index.html\",\n            \"browser\": \"src/main.ts\",\n            \"polyfills\": [\n              \"zone.js\"\n            ],\n            \"tsConfig\": \"tsconfig.app.json\",\n            \"inlineStyleLanguage\": \"scss\",\n            \"assets\": [\n              \"src/favicon.ico\",\n              \"src/assets\"\n            ],\n            \"styles\": [\n              \"src/styles.scss\"\n            ],\n            \"scripts\": []\n          },\n          \"configurations\": {\n            \"production\": {\n              \"budgets\": [\n                {\n                  \"type\": \"initial\",\n                  \"maximumWarning\": \"500kb\",\n                  \"maximumError\": \"1mb\"\n                },\n                {\n                  \"type\": \"anyComponentStyle\",\n                  \"maximumWarning\": \"2kb\",\n                  \"maximumError\": \"4kb\"\n                }\n              ],\n              \"outputHashing\": \"all\"\n            },\n            \"development\": {\n              \"optimization\": false,\n              \"extractLicenses\": false,\n              \"sourceMap\": true\n            }\n          },\n          \"defaultConfiguration\": \"production\"\n        },\n        \"serve\": {\n          \"builder\": \"@angular-devkit/build-angular:dev-server\",\n          \"configurations\": {\n            \"production\": {\n              \"buildTarget\": \"luzmo-angular-example:build:production\"\n            },\n            \"development\": {\n              \"buildTarget\": \"luzmo-angular-example:build:development\"\n            }\n          },\n          \"defaultConfiguration\": \"development\"\n        },\n        \"extract-i18n\": {\n          \"builder\": \"@angular-devkit/build-angular:extract-i18n\",\n          \"options\": {\n            \"buildTarget\": \"luzmo-angular-example:build\"\n          }\n        },\n        \"test\": {\n          \"builder\": \"@angular-devkit/build-angular:karma\",\n          \"options\": {\n            \"polyfills\": [\n              \"zone.js\",\n              \"zone.js/testing\"\n            ],\n            \"tsConfig\": \"tsconfig.spec.json\",\n            \"inlineStyleLanguage\": \"scss\",\n            \"assets\": [\n              \"src/favicon.ico\",\n              \"src/assets\"\n            ],\n            \"styles\": [\n              \"src/styles.scss\"\n            ],\n            \"scripts\": []\n          }\n        }\n      }\n    }\n  }\n}\n","src/index.html":"<!doctype html>\n<html lang=\"en\">\n<head>\n  <meta charset=\"utf-8\">\n  <base href=\"/\">\n  <meta name=\"viewport\" content=\"width=device-width, initial-scale=1\">\n</head>\n<body>\n  <app-root></app-root>\n</body>\n</html>","src/main.ts":"import { bootstrapApplication } from '@angular/platform-browser';\nimport { AppComponent } from './app/app.component';\nimport 'zone.js';\n\nbootstrapApplication(AppComponent)\n  .catch((err) => console.error(err));","package.json":"{\n  \"name\": \"luzmo-angular-example\",\n  \"version\": \"0.0.1\",\n  \"scripts\": {\n    \"ng\": \"ng\",\n    \"start\": \"ng serve\",\n    \"build\": \"ng build\",\n    \"watch\": \"ng build --watch --configuration development\",\n    \"test\": \"ng test\"\n  },\n  \"private\": true,\n  \"dependencies\": {\n    \"@angular/animations\": \"^17.3.0\",\n    \"@angular/common\": \"^17.3.0\",\n    \"@angular/compiler\": \"^17.3.0\",\n    \"@angular/core\": \"^17.3.0\",\n    \"@angular/forms\": \"^17.3.0\",\n    \"@angular/platform-browser\": \"^17.3.0\",\n    \"@angular/platform-browser-dynamic\": \"^17.3.0\",\n    \"@angular/router\": \"^17.3.0\",\n    \"@luzmo/ngx-embed\": \"6.1.7-beta.8\",\n    \"rxjs\": \"~7.8.0\",\n    \"tslib\": \"^2.3.0\",\n    \"zone.js\": \"~0.14.3\"\n  },\n  \"devDependencies\": {\n    \"@angular-devkit/build-angular\": \"^17.3.3\",\n    \"@angular/cli\": \"^17.3.3\",\n    \"@angular/compiler-cli\": \"^17.3.0\",\n    \"@types/jasmine\": \"~5.1.0\",\n    \"jasmine-core\": \"~5.1.0\",\n    \"karma\": \"~6.4.0\",\n    \"karma-chrome-launcher\": \"~3.2.0\",\n    \"karma-coverage\": \"~2.2.0\",\n    \"karma-jasmine\": \"~5.1.0\",\n    \"karma-jasmine-html-reporter\": \"~2.1.0\",\n    \"typescript\": \"~5.4.2\"\n  }\n}\n","src/styles.scss":"/* You can add global styles to this file, and also import other style files */\n","tsconfig.app.json":"/* To learn more about this file see: https://angular.io/config/tsconfig. */\n{\n  \"extends\": \"./tsconfig.json\",\n  \"compilerOptions\": {\n    \"outDir\": \"./out-tsc/app\",\n    \"types\": []\n  },\n  \"files\": [\n    \"src/main.ts\"\n  ],\n  \"include\": [\n    \"src/**/*.d.ts\"\n  ]\n}\n","tsconfig.json":"/* To learn more about this file see: https://angular.io/config/tsconfig. */\n{\n  \"compileOnSave\": false,\n  \"compilerOptions\": {\n    \"outDir\": \"./dist/out-tsc\",\n    \"strict\": true,\n    \"noImplicitOverride\": true,\n    \"noPropertyAccessFromIndexSignature\": true,\n    \"noImplicitReturns\": true,\n    \"noFallthroughCasesInSwitch\": true,\n    \"skipLibCheck\": true,\n    \"esModuleInterop\": true,\n    \"sourceMap\": true,\n    \"declaration\": false,\n    \"experimentalDecorators\": true,\n    \"moduleResolution\": \"node\",\n    \"importHelpers\": true,\n    \"target\": \"ES2022\",\n    \"module\": \"ES2022\",\n    \"useDefineForClassFields\": false,\n    \"lib\": [\n      \"ES2022\",\n      \"dom\"\n    ]\n  },\n  \"angularCompilerOptions\": {\n    \"enableI18nLegacyMessageIdFormat\": false,\n    \"strictInjectionParameters\": true,\n    \"strictInputAccessModifiers\": true,\n    \"strictTemplates\": true\n  }\n}","tsconfig.spec.json":"/* To learn more about this file see: https://angular.io/config/tsconfig. */\n{\n  \"extends\": \"./tsconfig.json\",\n  \"compilerOptions\": {\n    \"outDir\": \"./out-tsc/spec\",\n    \"types\": [\n      \"jasmine\"\n    ]\n  },\n  \"include\": [\n    \"src/**/*.spec.ts\",\n    \"src/**/*.d.ts\"\n  ]\n}\n"}}}