week_start,squad,priority,created_bugs,resolved_bugs,open_bugs,weekly_delta_bugs,avg_resolution_time
2023-02-20T00:00:00.000Z,Forge,low,8,8,8,0,27.78
2023-02-20T00:00:00.000Z,Forge,medium,9,8,14,1,18.70
2023-02-20T00:00:00.000Z,Forge,high,5,4,10,1,10.77
2023-02-20T00:00:00.000Z,Horizon,low,6,6,10,0,28.27
2023-02-20T00:00:00.000Z,Horizon,medium,7,8,14,-1,18.46
2023-02-20T00:00:00.000Z,Horizon,high,5,4,12,1,11.20
2023-02-20T00:00:00.000Z,Orbit,low,6,5,13,1,28.36
2023-02-20T00:00:00.000Z,Orbit,medium,7,7,18,0,17.90
2023-02-20T00:00:00.000Z,Orbit,high,4,3,13,1,10.70
2023-02-27T00:00:00.000Z,Forge,low,6,5,9,1,27.95
2023-02-27T00:00:00.000Z,Forge,medium,9,8,15,1,18.78
2023-02-27T00:00:00.000Z,Forge,high,6,6,10,0,10.14
2023-02-27T00:00:00.000Z,Horizon,low,5,5,10,0,28.32
2023-02-27T00:00:00.000Z,Horizon,medium,8,7,15,1,18.35
2023-02-27T00:00:00.000Z,Horizon,high,6,6,12,0,10.11
2023-02-27T00:00:00.000Z,Orbit,low,5,5,13,0,28.26
2023-02-27T00:00:00.000Z,Orbit,medium,9,8,19,1,18.08
2023-02-27T00:00:00.000Z,Orbit,high,5,5,13,0,11.15
2023-03-06T00:00:00.000Z,Forge,low,8,8,9,0,27.42
2023-03-06T00:00:00.000Z,Forge,medium,9,9,15,0,17.93
2023-03-06T00:00:00.000Z,Forge,high,5,4,11,1,9.80
2023-03-06T00:00:00.000Z,Horizon,low,6,6,10,0,28.33
2023-03-06T00:00:00.000Z,Horizon,medium,8,7,16,1,18.09
2023-03-06T00:00:00.000Z,Horizon,high,5,5,12,0,11.04
2023-03-06T00:00:00.000Z,Orbit,low,7,7,13,0,27.14
2023-03-06T00:00:00.000Z,Orbit,medium,8,7,20,1,18.75
2023-03-06T00:00:00.000Z,Orbit,high,6,5,14,1,11.57
2023-03-13T00:00:00.000Z,Forge,low,7,8,8,-1,26.85
2023-03-13T00:00:00.000Z,Forge,medium,9,9,15,0,17.15
2023-03-13T00:00:00.000Z,Forge,high,7,7,11,0,9.91
2023-03-13T00:00:00.000Z,Horizon,low,6,7,9,-1,28.52
2023-03-13T00:00:00.000Z,Horizon,medium,9,9,16,0,16.93
2023-03-13T00:00:00.000Z,Horizon,high,6,6,12,0,11.11
2023-03-13T00:00:00.000Z,Orbit,low,8,7,14,1,27.52
2023-03-13T00:00:00.000Z,Orbit,medium,9,9,20,0,19.38
2023-03-13T00:00:00.000Z,Orbit,high,5,5,14,0,11.65
2023-03-20T00:00:00.000Z,Forge,low,9,9,8,0,27.54
2023-03-20T00:00:00.000Z,Forge,medium,10,9,16,1,18.57
2023-03-20T00:00:00.000Z,Forge,high,6,5,12,1,10.84
2023-03-20T00:00:00.000Z,Horizon,low,6,6,9,0,26.71
2023-03-20T00:00:00.000Z,Horizon,medium,8,8,16,0,17.63
2023-03-20T00:00:00.000Z,Horizon,high,5,5,12,0,9.23
2023-03-20T00:00:00.000Z,Orbit,low,8,8,14,0,28.92
2023-03-20T00:00:00.000Z,Orbit,medium,8,8,20,0,17.41
2023-03-20T00:00:00.000Z,Orbit,high,6,6,14,0,9.74
2023-03-27T00:00:00.000Z,Forge,low,9,8,9,1,27.70
2023-03-27T00:00:00.000Z,Forge,medium,11,10,17,1,17.65
2023-03-27T00:00:00.000Z,Forge,high,6,7,11,-1,10.76
2023-03-27T00:00:00.000Z,Horizon,low,7,7,9,0,26.49
2023-03-27T00:00:00.000Z,Horizon,medium,8,8,16,0,17.46
2023-03-27T00:00:00.000Z,Horizon,high,6,5,13,1,10.43
2023-03-27T00:00:00.000Z,Orbit,low,6,7,13,-1,29.38
2023-03-27T00:00:00.000Z,Orbit,medium,10,10,20,0,19.31
2023-03-27T00:00:00.000Z,Orbit,high,6,6,14,0,9.39
2023-04-03T00:00:00.000Z,Forge,low,7,6,10,1,28.06
2023-04-03T00:00:00.000Z,Forge,medium,9,9,17,0,18.17
2023-04-03T00:00:00.000Z,Forge,high,8,8,11,0,9.81
2023-04-03T00:00:00.000Z,Horizon,low,6,6,9,0,26.86
2023-04-03T00:00:00.000Z,Horizon,medium,8,7,17,1,17.00
2023-04-03T00:00:00.000Z,Horizon,high,5,6,12,-1,10.44
2023-04-03T00:00:00.000Z,Orbit,low,7,6,14,1,28.63
2023-04-03T00:00:00.000Z,Orbit,medium,10,9,21,1,17.31
2023-04-03T00:00:00.000Z,Orbit,high,6,5,15,1,9.79
2023-04-10T00:00:00.000Z,Forge,low,7,7,10,0,28.16
2023-04-10T00:00:00.000Z,Forge,medium,10,9,18,1,18.31
2023-04-10T00:00:00.000Z,Forge,high,7,7,11,0,10.62
2023-04-10T00:00:00.000Z,Horizon,low,6,5,10,1,27.63
2023-04-10T00:00:00.000Z,Horizon,medium,8,8,17,0,19.23
2023-04-10T00:00:00.000Z,Horizon,high,4,5,11,-1,9.12
2023-04-10T00:00:00.000Z,Orbit,low,6,6,14,0,28.78
2023-04-10T00:00:00.000Z,Orbit,medium,8,9,20,-1,19.17
2023-04-10T00:00:00.000Z,Orbit,high,5,5,15,0,9.77
2023-04-17T00:00:00.000Z,Forge,low,8,8,10,0,26.46
2023-04-17T00:00:00.000Z,Forge,medium,9,9,18,0,18.69
2023-04-17T00:00:00.000Z,Forge,high,7,6,12,1,10.66
2023-04-17T00:00:00.000Z,Horizon,low,5,5,10,0,26.43
2023-04-17T00:00:00.000Z,Horizon,medium,8,7,18,1,18.75
2023-04-17T00:00:00.000Z,Horizon,high,6,6,11,0,9.26
2023-04-17T00:00:00.000Z,Orbit,low,6,6,14,0,28.10
2023-04-17T00:00:00.000Z,Orbit,medium,9,9,20,0,18.98
2023-04-17T00:00:00.000Z,Orbit,high,6,7,14,-1,10.21
2023-04-24T00:00:00.000Z,Forge,low,8,7,11,1,26.60
2023-04-24T00:00:00.000Z,Forge,medium,10,10,18,0,18.20
2023-04-24T00:00:00.000Z,Forge,high,7,8,11,-1,10.49
2023-04-24T00:00:00.000Z,Horizon,low,7,7,10,0,27.53
2023-04-24T00:00:00.000Z,Horizon,medium,8,8,18,0,18.43
2023-04-24T00:00:00.000Z,Horizon,high,4,5,10,-1,10.15
2023-04-24T00:00:00.000Z,Orbit,low,7,7,14,0,29.03
2023-04-24T00:00:00.000Z,Orbit,medium,10,10,20,0,18.05
2023-04-24T00:00:00.000Z,Orbit,high,6,6,14,0,9.66
2023-05-01T00:00:00.000Z,Forge,low,8,7,12,1,28.43
2023-05-01T00:00:00.000Z,Forge,medium,9,8,19,1,17.67
2023-05-01T00:00:00.000Z,Forge,high,5,6,10,-1,9.16
2023-05-01T00:00:00.000Z,Horizon,low,7,7,10,0,28.29
2023-05-01T00:00:00.000Z,Horizon,medium,7,7,18,0,17.05
2023-05-01T00:00:00.000Z,Horizon,high,5,5,10,0,9.79
2023-05-01T00:00:00.000Z,Orbit,low,7,7,14,0,29.20
2023-05-01T00:00:00.000Z,Orbit,medium,8,7,21,1,18.84
2023-05-01T00:00:00.000Z,Orbit,high,5,5,14,0,9.87
2023-05-08T00:00:00.000Z,Forge,low,7,7,12,0,28.49
2023-05-08T00:00:00.000Z,Forge,medium,8,7,20,1,17.63
2023-05-08T00:00:00.000Z,Forge,high,6,5,11,1,10.98
2023-05-08T00:00:00.000Z,Horizon,low,5,6,9,-1,27.46
2023-05-08T00:00:00.000Z,Horizon,medium,7,6,19,1,18.28
2023-05-08T00:00:00.000Z,Horizon,high,4,5,9,-1,10.99
2023-05-08T00:00:00.000Z,Orbit,low,5,5,14,0,27.86
2023-05-08T00:00:00.000Z,Orbit,medium,9,9,21,0,18.28
2023-05-08T00:00:00.000Z,Orbit,high,6,6,14,0,10.32
2023-05-15T00:00:00.000Z,Forge,low,7,6,13,1,27.98
2023-05-15T00:00:00.000Z,Forge,medium,9,9,20,0,19.17
2023-05-15T00:00:00.000Z,Forge,high,5,4,12,1,10.22
2023-05-15T00:00:00.000Z,Horizon,low,5,5,9,0,26.78
2023-05-15T00:00:00.000Z,Horizon,medium,8,8,19,0,19.31
2023-05-15T00:00:00.000Z,Horizon,high,5,5,9,0,10.10
2023-05-15T00:00:00.000Z,Orbit,low,7,6,15,1,28.32
2023-05-15T00:00:00.000Z,Orbit,medium,9,8,22,1,19.12
2023-05-15T00:00:00.000Z,Orbit,high,5,4,15,1,10.84
2023-05-22T00:00:00.000Z,Forge,low,7,6,14,1,27.17
2023-05-22T00:00:00.000Z,Forge,medium,8,9,19,-1,18.62
2023-05-22T00:00:00.000Z,Forge,high,4,4,12,0,11.40
2023-05-22T00:00:00.000Z,Horizon,low,6,6,9,0,26.90
2023-05-22T00:00:00.000Z,Horizon,medium,6,6,19,0,17.66
2023-05-22T00:00:00.000Z,Horizon,high,4,4,9,0,10.99
2023-05-22T00:00:00.000Z,Orbit,low,5,4,16,1,29.08
2023-05-22T00:00:00.000Z,Orbit,medium,7,7,22,0,19.32
2023-05-22T00:00:00.000Z,Orbit,high,6,6,15,0,10.55
2023-05-29T00:00:00.000Z,Forge,low,6,6,14,0,28.79
2023-05-29T00:00:00.000Z,Forge,medium,8,8,19,0,18.05
2023-05-29T00:00:00.000Z,Forge,high,6,6,12,0,9.80
2023-05-29T00:00:00.000Z,Horizon,low,6,7,8,-1,26.14
2023-05-29T00:00:00.000Z,Horizon,medium,6,6,19,0,19.27
2023-05-29T00:00:00.000Z,Horizon,high,4,4,9,0,10.85
2023-05-29T00:00:00.000Z,Orbit,low,6,6,16,0,27.83
2023-05-29T00:00:00.000Z,Orbit,medium,6,7,21,-1,18.60
2023-05-29T00:00:00.000Z,Orbit,high,4,4,15,0,10.93
2023-06-05T00:00:00.000Z,Forge,low,6,7,13,-1,29.08
2023-06-05T00:00:00.000Z,Forge,medium,7,8,18,-1,18.85
2023-06-05T00:00:00.000Z,Forge,high,5,5,12,0,9.10
2023-06-05T00:00:00.000Z,Horizon,low,5,5,8,0,27.69
2023-06-05T00:00:00.000Z,Horizon,medium,7,7,19,0,18.59
2023-06-05T00:00:00.000Z,Horizon,high,3,4,8,-1,10.15
2023-06-05T00:00:00.000Z,Orbit,low,5,6,15,-1,29.77
2023-06-05T00:00:00.000Z,Orbit,medium,7,7,21,0,18.66
2023-06-05T00:00:00.000Z,Orbit,high,5,5,15,0,10.02
2023-06-12T00:00:00.000Z,Forge,low,5,5,13,0,27.73
2023-06-12T00:00:00.000Z,Forge,medium,6,6,18,0,18.09
2023-06-12T00:00:00.000Z,Forge,high,3,4,11,-1,10.03
2023-06-12T00:00:00.000Z,Horizon,low,5,5,8,0,26.69
2023-06-12T00:00:00.000Z,Horizon,medium,7,8,18,-1,18.61
2023-06-12T00:00:00.000Z,Horizon,high,5,5,8,0,9.05
2023-06-12T00:00:00.000Z,Orbit,low,6,6,15,0,27.76
2023-06-12T00:00:00.000Z,Orbit,medium,7,8,20,-1,18.82
2023-06-12T00:00:00.000Z,Orbit,high,5,4,16,1,10.38
2023-06-19T00:00:00.000Z,Forge,low,4,5,12,-1,29.06
2023-06-19T00:00:00.000Z,Forge,medium,8,7,19,1,17.26
2023-06-19T00:00:00.000Z,Forge,high,5,5,11,0,11.31
2023-06-19T00:00:00.000Z,Horizon,low,4,4,8,0,27.25
2023-06-19T00:00:00.000Z,Horizon,medium,7,6,19,1,18.27
2023-06-19T00:00:00.000Z,Horizon,high,3,3,8,0,9.96
2023-06-19T00:00:00.000Z,Orbit,low,6,6,15,0,28.91
2023-06-19T00:00:00.000Z,Orbit,medium,6,6,20,0,17.92
2023-06-19T00:00:00.000Z,Orbit,high,4,4,16,0,9.90
2023-06-26T00:00:00.000Z,Forge,low,4,4,12,0,27.11
2023-06-26T00:00:00.000Z,Forge,medium,8,7,20,1,17.58
2023-06-26T00:00:00.000Z,Forge,high,4,3,12,1,11.36
2023-06-26T00:00:00.000Z,Horizon,low,4,4,8,0,27.38
2023-06-26T00:00:00.000Z,Horizon,medium,6,6,19,0,19.08
2023-06-26T00:00:00.000Z,Horizon,high,4,4,8,0,10.28
2023-06-26T00:00:00.000Z,Orbit,low,4,5,14,-1,28.34
2023-06-26T00:00:00.000Z,Orbit,medium,8,8,20,0,18.46
2023-06-26T00:00:00.000Z,Orbit,high,5,5,16,0,10.76
2023-07-03T00:00:00.000Z,Forge,low,6,6,12,0,28.20
2023-07-03T00:00:00.000Z,Forge,medium,8,9,19,-1,19.30
2023-07-03T00:00:00.000Z,Forge,high,5,6,11,-1,11.15
2023-07-03T00:00:00.000Z,Horizon,low,5,5,8,0,27.00
2023-07-03T00:00:00.000Z,Horizon,medium,5,6,18,-1,18.62
2023-07-03T00:00:00.000Z,Horizon,high,4,4,8,0,10.95
2023-07-03T00:00:00.000Z,Orbit,low,4,4,14,0,28.06
2023-07-03T00:00:00.000Z,Orbit,medium,6,6,20,0,18.78
2023-07-03T00:00:00.000Z,Orbit,high,4,3,17,1,10.46
2023-07-10T00:00:00.000Z,Forge,low,6,5,13,1,28.98
2023-07-10T00:00:00.000Z,Forge,medium,7,6,20,1,17.24
2023-07-10T00:00:00.000Z,Forge,high,3,3,11,0,10.87
2023-07-10T00:00:00.000Z,Horizon,low,5,6,7,-1,27.64
2023-07-10T00:00:00.000Z,Horizon,medium,6,7,17,-1,17.69
2023-07-10T00:00:00.000Z,Horizon,high,2,2,8,0,9.17
2023-07-10T00:00:00.000Z,Orbit,low,5,5,14,0,28.75
2023-07-10T00:00:00.000Z,Orbit,medium,5,5,20,0,17.60
2023-07-10T00:00:00.000Z,Orbit,high,5,5,17,0,11.73
2023-07-17T00:00:00.000Z,Forge,low,6,5,14,1,28.15
2023-07-17T00:00:00.000Z,Forge,medium,6,5,21,1,19.04
2023-07-17T00:00:00.000Z,Forge,high,4,3,12,1,10.87
2023-07-17T00:00:00.000Z,Horizon,low,4,4,7,0,26.16
2023-07-17T00:00:00.000Z,Horizon,medium,7,7,17,0,16.90
2023-07-17T00:00:00.000Z,Horizon,high,3,3,8,0,9.75
2023-07-17T00:00:00.000Z,Orbit,low,5,6,13,-1,28.29
2023-07-17T00:00:00.000Z,Orbit,medium,7,8,19,-1,19.15
2023-07-17T00:00:00.000Z,Orbit,high,4,4,17,0,11.90
2023-07-24T00:00:00.000Z,Forge,low,4,5,13,-1,28.74
2023-07-24T00:00:00.000Z,Forge,medium,8,8,21,0,17.32
2023-07-24T00:00:00.000Z,Forge,high,4,3,13,1,9.33
2023-07-24T00:00:00.000Z,Horizon,low,5,5,7,0,26.44
2023-07-24T00:00:00.000Z,Horizon,medium,6,7,16,-1,18.92
2023-07-24T00:00:00.000Z,Horizon,high,3,3,8,0,10.19
2023-07-24T00:00:00.000Z,Orbit,low,5,6,12,-1,28.81
2023-07-24T00:00:00.000Z,Orbit,medium,6,5,20,1,18.25
2023-07-24T00:00:00.000Z,Orbit,high,5,5,17,0,11.46
2023-07-31T00:00:00.000Z,Forge,low,6,6,13,0,28.85
2023-07-31T00:00:00.000Z,Forge,medium,7,7,21,0,19.18
2023-07-31T00:00:00.000Z,Forge,high,4,3,14,1,9.51
2023-07-31T00:00:00.000Z,Horizon,low,3,4,6,-1,27.04
2023-07-31T00:00:00.000Z,Horizon,medium,6,7,15,-1,18.43
2023-07-31T00:00:00.000Z,Horizon,high,3,3,8,0,10.72
2023-07-31T00:00:00.000Z,Orbit,low,5,5,12,0,27.36
2023-07-31T00:00:00.000Z,Orbit,medium,7,6,21,1,18.11
2023-07-31T00:00:00.000Z,Orbit,high,4,4,17,0,9.99
2023-08-07T00:00:00.000Z,Forge,low,6,6,13,0,28.61
2023-08-07T00:00:00.000Z,Forge,medium,8,8,21,0,19.06
2023-08-07T00:00:00.000Z,Forge,high,4,5,13,-1,9.85
2023-08-07T00:00:00.000Z,Horizon,low,4,4,6,0,26.64
2023-08-07T00:00:00.000Z,Horizon,medium,6,7,14,-1,17.66
2023-08-07T00:00:00.000Z,Horizon,high,4,4,8,0,9.72
2023-08-07T00:00:00.000Z,Orbit,low,5,5,12,0,28.39
2023-08-07T00:00:00.000Z,Orbit,medium,7,7,21,0,17.75
2023-08-07T00:00:00.000Z,Orbit,high,5,5,17,0,11.72
2023-08-14T00:00:00.000Z,Forge,low,4,3,14,1,27.56
2023-08-14T00:00:00.000Z,Forge,medium,8,7,22,1,18.74
2023-08-14T00:00:00.000Z,Forge,high,3,3,13,0,9.45
2023-08-14T00:00:00.000Z,Horizon,low,5,5,6,0,25.66
2023-08-14T00:00:00.000Z,Horizon,medium,6,7,13,-1,17.01
2023-08-14T00:00:00.000Z,Horizon,high,5,5,8,0,9.46
2023-08-14T00:00:00.000Z,Orbit,low,6,6,12,0,27.00
2023-08-14T00:00:00.000Z,Orbit,medium,6,6,21,0,17.96
2023-08-14T00:00:00.000Z,Orbit,high,4,3,18,1,10.09
2023-08-21T00:00:00.000Z,Forge,low,6,6,14,0,29.18
2023-08-21T00:00:00.000Z,Forge,medium,8,9,21,-1,18.87
2023-08-21T00:00:00.000Z,Forge,high,5,4,14,1,9.23
2023-08-21T00:00:00.000Z,Horizon,low,5,5,6,0,25.57
2023-08-21T00:00:00.000Z,Horizon,medium,7,7,13,0,16.69
2023-08-21T00:00:00.000Z,Horizon,high,3,3,8,0,8.77
2023-08-21T00:00:00.000Z,Orbit,low,6,6,12,0,28.81
2023-08-21T00:00:00.000Z,Orbit,medium,6,6,21,0,18.54
2023-08-21T00:00:00.000Z,Orbit,high,5,5,18,0,11.68
2023-08-28T00:00:00.000Z,Forge,low,5,5,14,0,27.78
2023-08-28T00:00:00.000Z,Forge,medium,8,8,21,0,19.51
2023-08-28T00:00:00.000Z,Forge,high,5,5,14,0,10.39
2023-08-28T00:00:00.000Z,Horizon,low,4,5,5,-1,26.43
2023-08-28T00:00:00.000Z,Horizon,medium,6,6,13,0,16.90
2023-08-28T00:00:00.000Z,Horizon,high,5,5,8,0,10.56
2023-08-28T00:00:00.000Z,Orbit,low,5,5,12,0,28.75
2023-08-28T00:00:00.000Z,Orbit,medium,7,8,20,-1,18.49
2023-08-28T00:00:00.000Z,Orbit,high,5,6,17,-1,11.98
2023-09-04T00:00:00.000Z,Forge,low,7,6,15,1,28.92
2023-09-04T00:00:00.000Z,Forge,medium,8,8,21,0,18.62
2023-09-04T00:00:00.000Z,Forge,high,5,5,14,0,11.67
2023-09-04T00:00:00.000Z,Horizon,low,5,5,5,0,25.23
2023-09-04T00:00:00.000Z,Horizon,medium,7,6,14,1,16.67
2023-09-04T00:00:00.000Z,Horizon,high,5,5,8,0,10.73
2023-09-04T00:00:00.000Z,Orbit,low,6,5,13,1,27.75
2023-09-04T00:00:00.000Z,Orbit,medium,7,6,21,1,19.28
2023-09-04T00:00:00.000Z,Orbit,high,5,6,16,-1,11.28
2023-09-11T00:00:00.000Z,Forge,low,6,6,15,0,29.19
2023-09-11T00:00:00.000Z,Forge,medium,10,10,21,0,18.07
2023-09-11T00:00:00.000Z,Forge,high,6,6,14,0,11.66
2023-09-11T00:00:00.000Z,Horizon,low,5,5,5,0,27.00
2023-09-11T00:00:00.000Z,Horizon,medium,6,7,13,-1,18.18
2023-09-11T00:00:00.000Z,Horizon,high,4,5,7,-1,10.66
2023-09-11T00:00:00.000Z,Orbit,low,6,6,13,0,28.77
2023-09-11T00:00:00.000Z,Orbit,medium,8,9,20,-1,17.51
2023-09-11T00:00:00.000Z,Orbit,high,5,6,15,-1,11.80
2023-09-18T00:00:00.000Z,Forge,low,8,7,16,1,29.57
2023-09-18T00:00:00.000Z,Forge,medium,9,8,22,1,17.81
2023-09-18T00:00:00.000Z,Forge,high,6,5,15,1,10.53
2023-09-18T00:00:00.000Z,Horizon,low,5,5,5,0,26.59
2023-09-18T00:00:00.000Z,Horizon,medium,7,7,13,0,18.48
2023-09-18T00:00:00.000Z,Horizon,high,4,4,7,0,10.14
2023-09-18T00:00:00.000Z,Orbit,low,6,6,13,0,28.27
2023-09-18T00:00:00.000Z,Orbit,medium,7,7,20,0,19.18
2023-09-18T00:00:00.000Z,Orbit,high,4,5,14,-1,10.72
2023-09-25T00:00:00.000Z,Forge,low,6,6,16,0,28.20
2023-09-25T00:00:00.000Z,Forge,medium,8,9,21,-1,19.46
2023-09-25T00:00:00.000Z,Forge,high,6,6,15,0,11.80
2023-09-25T00:00:00.000Z,Horizon,low,6,5,6,1,26.33
2023-09-25T00:00:00.000Z,Horizon,medium,8,8,13,0,17.60
2023-09-25T00:00:00.000Z,Horizon,high,5,4,8,1,9.65
2023-09-25T00:00:00.000Z,Orbit,low,5,4,14,1,28.62
2023-09-25T00:00:00.000Z,Orbit,medium,8,8,20,0,19.29
2023-09-25T00:00:00.000Z,Orbit,high,6,6,14,0,9.31
2023-10-02T00:00:00.000Z,Forge,low,6,5,17,1,28.44
2023-10-02T00:00:00.000Z,Forge,medium,10,10,21,0,19.00
2023-10-02T00:00:00.000Z,Forge,high,6,7,14,-1,11.47
2023-10-02T00:00:00.000Z,Horizon,low,6,5,7,1,25.88
2023-10-02T00:00:00.000Z,Horizon,medium,7,7,13,0,16.63
2023-10-02T00:00:00.000Z,Horizon,high,6,6,8,0,10.74
2023-10-02T00:00:00.000Z,Orbit,low,6,6,14,0,29.04
2023-10-02T00:00:00.000Z,Orbit,medium,9,8,21,1,18.30
2023-10-02T00:00:00.000Z,Orbit,high,5,5,14,0,10.48
2023-10-09T00:00:00.000Z,Forge,low,6,6,17,0,29.81
2023-10-09T00:00:00.000Z,Forge,medium,9,8,22,1,17.87
2023-10-09T00:00:00.000Z,Forge,high,5,5,14,0,11.04
2023-10-09T00:00:00.000Z,Horizon,low,6,6,7,0,27.54
2023-10-09T00:00:00.000Z,Horizon,medium,8,7,14,1,16.47
2023-10-09T00:00:00.000Z,Horizon,high,4,4,8,0,9.76
2023-10-09T00:00:00.000Z,Orbit,low,6,6,14,0,27.56
2023-10-09T00:00:00.000Z,Orbit,medium,9,9,21,0,18.29
2023-10-09T00:00:00.000Z,Orbit,high,4,4,14,0,10.02
2023-10-16T00:00:00.000Z,Forge,low,8,7,18,1,29.64
2023-10-16T00:00:00.000Z,Forge,medium,8,9,21,-1,19.49
2023-10-16T00:00:00.000Z,Forge,high,5,5,14,0,9.57
2023-10-16T00:00:00.000Z,Horizon,low,5,5,7,0,27.49
2023-10-16T00:00:00.000Z,Horizon,medium,9,9,14,0,18.81
2023-10-16T00:00:00.000Z,Horizon,high,4,4,8,0,10.66
2023-10-16T00:00:00.000Z,Orbit,low,7,7,14,0,28.92
2023-10-16T00:00:00.000Z,Orbit,medium,8,8,21,0,19.39
2023-10-16T00:00:00.000Z,Orbit,high,5,5,14,0,9.67
2023-10-23T00:00:00.000Z,Forge,low,7,7,18,0,28.31
2023-10-23T00:00:00.000Z,Forge,medium,10,10,21,0,17.76
2023-10-23T00:00:00.000Z,Forge,high,5,6,13,-1,10.49
2023-10-23T00:00:00.000Z,Horizon,low,5,5,7,0,27.63
2023-10-23T00:00:00.000Z,Horizon,medium,7,7,14,0,18.12
2023-10-23T00:00:00.000Z,Horizon,high,6,6,8,0,10.59
2023-10-23T00:00:00.000Z,Orbit,low,6,6,14,0,27.37
2023-10-23T00:00:00.000Z,Orbit,medium,9,9,21,0,17.56
2023-10-23T00:00:00.000Z,Orbit,high,6,5,15,1,11.04
2023-10-30T00:00:00.000Z,Forge,low,8,7,19,1,28.67
2023-10-30T00:00:00.000Z,Forge,medium,9,8,22,1,18.82
2023-10-30T00:00:00.000Z,Forge,high,7,7,13,0,10.74
2023-10-30T00:00:00.000Z,Horizon,low,5,4,8,1,27.93
2023-10-30T00:00:00.000Z,Horizon,medium,8,8,14,0,18.41
2023-10-30T00:00:00.000Z,Horizon,high,6,5,9,1,9.01
2023-10-30T00:00:00.000Z,Orbit,low,5,5,14,0,29.28
2023-10-30T00:00:00.000Z,Orbit,medium,8,9,20,-1,19.16
2023-10-30T00:00:00.000Z,Orbit,high,6,6,15,0,11.02
2023-11-06T00:00:00.000Z,Forge,low,6,6,19,0,29.23
2023-11-06T00:00:00.000Z,Forge,medium,9,8,23,1,19.76
2023-11-06T00:00:00.000Z,Forge,high,5,6,12,-1,11.21
2023-11-06T00:00:00.000Z,Horizon,low,5,6,7,-1,26.82
2023-11-06T00:00:00.000Z,Horizon,medium,8,9,13,-1,18.40
2023-11-06T00:00:00.000Z,Horizon,high,4,4,9,0,9.01
2023-11-06T00:00:00.000Z,Orbit,low,7,7,14,0,28.50
2023-11-06T00:00:00.000Z,Orbit,medium,9,9,20,0,17.63
2023-11-06T00:00:00.000Z,Orbit,high,5,5,15,0,9.84
2023-11-13T00:00:00.000Z,Forge,low,8,7,20,1,28.60
2023-11-13T00:00:00.000Z,Forge,medium,8,7,24,1,19.48
2023-11-13T00:00:00.000Z,Forge,high,4,3,13,1,11.36
2023-11-13T00:00:00.000Z,Horizon,low,6,6,7,0,25.77
2023-11-13T00:00:00.000Z,Horizon,medium,8,7,14,1,18.18
2023-11-13T00:00:00.000Z,Horizon,high,5,6,8,-1,10.07
2023-11-13T00:00:00.000Z,Orbit,low,7,7,14,0,29.15
2023-11-13T00:00:00.000Z,Orbit,medium,7,6,21,1,18.61
2023-11-13T00:00:00.000Z,Orbit,high,4,4,15,0,11.56
2023-11-20T00:00:00.000Z,Forge,low,7,7,20,0,28.94
2023-11-20T00:00:00.000Z,Forge,medium,8,7,25,1,18.89
2023-11-20T00:00:00.000Z,Forge,high,6,6,13,0,10.95
2023-11-20T00:00:00.000Z,Horizon,low,6,6,7,0,26.52
2023-11-20T00:00:00.000Z,Horizon,medium,8,8,14,0,18.25
2023-11-20T00:00:00.000Z,Horizon,high,4,5,7,-1,9.95
2023-11-20T00:00:00.000Z,Orbit,low,7,6,15,1,27.66
2023-11-20T00:00:00.000Z,Orbit,medium,7,7,21,0,17.37
2023-11-20T00:00:00.000Z,Orbit,high,4,3,16,1,11.20
2023-11-27T00:00:00.000Z,Forge,low,7,8,19,-1,28.88
2023-11-27T00:00:00.000Z,Forge,medium,8,8,25,0,19.99
2023-11-27T00:00:00.000Z,Forge,high,4,4,13,0,9.49
2023-11-27T00:00:00.000Z,Horizon,low,6,6,7,0,26.69
2023-11-27T00:00:00.000Z,Horizon,medium,6,6,14,0,17.72
2023-11-27T00:00:00.000Z,Horizon,high,4,5,6,-1,9.44
2023-11-27T00:00:00.000Z,Orbit,low,5,6,14,-1,29.33
2023-11-27T00:00:00.000Z,Orbit,medium,8,8,21,0,18.93
2023-11-27T00:00:00.000Z,Orbit,high,5,5,16,0,11.27
2023-12-04T00:00:00.000Z,Forge,low,7,7,19,0,28.75
2023-12-04T00:00:00.000Z,Forge,medium,9,9,25,0,18.47
2023-12-04T00:00:00.000Z,Forge,high,5,4,14,1,9.86
2023-12-04T00:00:00.000Z,Horizon,low,6,5,8,1,26.05
2023-12-04T00:00:00.000Z,Horizon,medium,7,6,15,1,16.52
2023-12-04T00:00:00.000Z,Horizon,high,4,4,6,0,10.49
2023-12-04T00:00:00.000Z,Orbit,low,5,6,13,-1,28.12
2023-12-04T00:00:00.000Z,Orbit,medium,7,8,20,-1,17.46
2023-12-04T00:00:00.000Z,Orbit,high,5,5,16,0,10.57
2023-12-11T00:00:00.000Z,Forge,low,6,6,19,0,29.57
2023-12-11T00:00:00.000Z,Forge,medium,9,8,26,1,19.53
2023-12-11T00:00:00.000Z,Forge,high,6,7,13,-1,10.86
2023-12-11T00:00:00.000Z,Horizon,low,6,7,7,-1,26.57
2023-12-11T00:00:00.000Z,Horizon,medium,7,7,15,0,17.23
2023-12-11T00:00:00.000Z,Horizon,high,4,4,6,0,9.07
2023-12-11T00:00:00.000Z,Orbit,low,6,6,13,0,28.04
2023-12-11T00:00:00.000Z,Orbit,medium,7,8,19,-1,17.80
2023-12-11T00:00:00.000Z,Orbit,high,6,5,17,1,9.96
2023-12-18T00:00:00.000Z,Forge,low,6,5,20,1,30.22
2023-12-18T00:00:00.000Z,Forge,medium,8,7,27,1,17.92
2023-12-18T00:00:00.000Z,Forge,high,5,5,13,0,11.49
2023-12-18T00:00:00.000Z,Horizon,low,5,6,6,-1,27.27
2023-12-18T00:00:00.000Z,Horizon,medium,6,7,14,-1,18.03
2023-12-18T00:00:00.000Z,Horizon,high,4,5,5,-1,9.00
2023-12-18T00:00:00.000Z,Orbit,low,5,4,14,1,27.21
2023-12-18T00:00:00.000Z,Orbit,medium,6,7,18,-1,17.66
2023-12-18T00:00:00.000Z,Orbit,high,6,7,16,-1,11.83
2023-12-25T00:00:00.000Z,Forge,low,6,6,20,0,30.74
2023-12-25T00:00:00.000Z,Forge,medium,7,8,26,-1,20.03
2023-12-25T00:00:00.000Z,Forge,high,5,5,13,0,10.50
2023-12-25T00:00:00.000Z,Horizon,low,6,5,7,1,25.56
2023-12-25T00:00:00.000Z,Horizon,medium,6,7,13,-1,18.23
2023-12-25T00:00:00.000Z,Horizon,high,5,5,5,0,9.87
2023-12-25T00:00:00.000Z,Orbit,low,4,5,13,-1,28.36
2023-12-25T00:00:00.000Z,Orbit,medium,6,6,18,0,18.85
2023-12-25T00:00:00.000Z,Orbit,high,4,4,16,0,11.22
2024-01-01T00:00:00.000Z,Forge,low,5,5,20,0,30.65
2024-01-01T00:00:00.000Z,Forge,medium,8,8,26,0,19.13
2024-01-01T00:00:00.000Z,Forge,high,6,6,13,0,10.23
2024-01-01T00:00:00.000Z,Horizon,low,4,5,6,-1,26.02
2024-01-01T00:00:00.000Z,Horizon,medium,7,7,13,0,18.08
2024-01-01T00:00:00.000Z,Horizon,high,5,4,6,1,10.40
2024-01-01T00:00:00.000Z,Orbit,low,4,3,14,1,28.47
2024-01-01T00:00:00.000Z,Orbit,medium,8,7,19,1,18.77
2024-01-01T00:00:00.000Z,Orbit,high,5,5,16,0,11.66
2024-01-08T00:00:00.000Z,Forge,low,7,7,20,0,30.45
2024-01-08T00:00:00.000Z,Forge,medium,8,8,26,0,19.44
2024-01-08T00:00:00.000Z,Forge,high,5,4,14,1,11.22
2024-01-08T00:00:00.000Z,Horizon,low,6,6,6,0,26.83
2024-01-08T00:00:00.000Z,Horizon,medium,6,7,12,-1,18.71
2024-01-08T00:00:00.000Z,Horizon,high,4,4,6,0,10.72
2024-01-08T00:00:00.000Z,Orbit,low,5,5,14,0,28.05
2024-01-08T00:00:00.000Z,Orbit,medium,7,8,18,-1,19.18
2024-01-08T00:00:00.000Z,Orbit,high,4,5,15,-1,10.65
2024-01-15T00:00:00.000Z,Forge,low,7,8,19,-1,29.09
2024-01-15T00:00:00.000Z,Forge,medium,8,7,27,1,18.40
2024-01-15T00:00:00.000Z,Forge,high,5,4,15,1,11.07
2024-01-15T00:00:00.000Z,Horizon,low,4,3,7,1,27.64
2024-01-15T00:00:00.000Z,Horizon,medium,7,8,11,-1,17.73
2024-01-15T00:00:00.000Z,Horizon,high,5,5,6,0,9.65
2024-01-15T00:00:00.000Z,Orbit,low,4,4,14,0,27.39
2024-01-15T00:00:00.000Z,Orbit,medium,8,8,18,0,18.22
2024-01-15T00:00:00.000Z,Orbit,high,4,5,14,-1,11.42
2024-01-22T00:00:00.000Z,Forge,low,7,6,20,1,28.84
2024-01-22T00:00:00.000Z,Forge,medium,9,9,27,0,19.34
2024-01-22T00:00:00.000Z,Forge,high,7,7,15,0,11.72
2024-01-22T00:00:00.000Z,Horizon,low,5,5,7,0,27.05
2024-01-22T00:00:00.000Z,Horizon,medium,7,8,10,-1,16.56
2024-01-22T00:00:00.000Z,Horizon,high,5,5,6,0,8.90
2024-01-22T00:00:00.000Z,Orbit,low,6,7,13,-1,29.51
2024-01-22T00:00:00.000Z,Orbit,medium,8,7,19,1,18.75
2024-01-22T00:00:00.000Z,Orbit,high,4,4,14,0,10.02
2024-01-29T00:00:00.000Z,Forge,low,7,6,21,1,30.83
2024-01-29T00:00:00.000Z,Forge,medium,7,8,26,-1,18.99
2024-01-29T00:00:00.000Z,Forge,high,6,7,14,-1,10.99
2024-01-29T00:00:00.000Z,Horizon,low,6,6,7,0,26.88
2024-01-29T00:00:00.000Z,Horizon,medium,8,9,9,-1,16.75
2024-01-29T00:00:00.000Z,Horizon,high,4,4,6,0,9.09
2024-01-29T00:00:00.000Z,Orbit,low,6,7,12,-1,28.76
2024-01-29T00:00:00.000Z,Orbit,medium,7,7,19,0,17.92
2024-01-29T00:00:00.000Z,Orbit,high,5,5,14,0,10.52
2024-02-05T00:00:00.000Z,Forge,low,7,7,21,0,30.25
2024-02-05T00:00:00.000Z,Forge,medium,9,10,25,-1,19.81
2024-02-05T00:00:00.000Z,Forge,high,5,5,14,0,9.91
2024-02-05T00:00:00.000Z,Horizon,low,6,6,7,0,25.76
2024-02-05T00:00:00.000Z,Horizon,medium,8,7,10,1,18.07
2024-02-05T00:00:00.000Z,Horizon,high,4,4,6,0,9.90
2024-02-05T00:00:00.000Z,Orbit,low,6,6,12,0,28.04
2024-02-05T00:00:00.000Z,Orbit,medium,8,8,19,0,17.33
2024-02-05T00:00:00.000Z,Orbit,high,6,6,14,0,11.05
2024-02-12T00:00:00.000Z,Forge,low,7,7,21,0,30.39
2024-02-12T00:00:00.000Z,Forge,medium,8,8,25,0,17.94
2024-02-12T00:00:00.000Z,Forge,high,6,6,14,0,9.74
2024-02-12T00:00:00.000Z,Horizon,low,6,6,7,0,26.10
2024-02-12T00:00:00.000Z,Horizon,medium,7,6,11,1,17.77
2024-02-12T00:00:00.000Z,Horizon,high,5,5,6,0,10.52
2024-02-12T00:00:00.000Z,Orbit,low,7,7,12,0,27.87
2024-02-12T00:00:00.000Z,Orbit,medium,7,7,19,0,17.91
2024-02-12T00:00:00.000Z,Orbit,high,6,7,13,-1,10.07
2024-02-19T00:00:00.000Z,Forge,low,6,6,21,0,29.48
2024-02-19T00:00:00.000Z,Forge,medium,8,8,25,0,18.65
2024-02-19T00:00:00.000Z,Forge,high,7,6,15,1,11.55
2024-02-19T00:00:00.000Z,Horizon,low,6,6,7,0,27.16
2024-02-19T00:00:00.000Z,Horizon,medium,7,7,11,0,16.29
2024-02-19T00:00:00.000Z,Horizon,high,6,5,7,1,10.39
2024-02-19T00:00:00.000Z,Orbit,low,6,6,12,0,26.88
2024-02-19T00:00:00.000Z,Orbit,medium,9,8,20,1,19.15
2024-02-19T00:00:00.000Z,Orbit,high,6,5,14,1,9.26
2024-02-26T00:00:00.000Z,Forge,low,8,7,22,1,30.13
2024-02-26T00:00:00.000Z,Forge,medium,12,12,25,0,18.97
2024-02-26T00:00:00.000Z,Forge,high,6,5,16,1,10.03
2024-02-26T00:00:00.000Z,Horizon,low,6,6,7,0,27.42
2024-02-26T00:00:00.000Z,Horizon,medium,9,9,11,0,16.20
2024-02-26T00:00:00.000Z,Horizon,high,6,6,7,0,9.92
2024-02-26T00:00:00.000Z,Orbit,low,6,7,11,-1,27.94
2024-02-26T00:00:00.000Z,Orbit,medium,8,7,21,1,18.64
2024-02-26T00:00:00.000Z,Orbit,high,5,4,15,1,9.54
2024-03-04T00:00:00.000Z,Forge,low,7,6,23,1,30.68
2024-03-04T00:00:00.000Z,Forge,medium,10,10,25,0,17.87
2024-03-04T00:00:00.000Z,Forge,high,5,4,17,1,10.78
2024-03-04T00:00:00.000Z,Horizon,low,6,6,7,0,26.64
2024-03-04T00:00:00.000Z,Horizon,medium,8,7,12,1,17.46
2024-03-04T00:00:00.000Z,Horizon,high,5,5,7,0,8.97
2024-03-04T00:00:00.000Z,Orbit,low,6,6,11,0,27.68
2024-03-04T00:00:00.000Z,Orbit,medium,8,8,21,0,17.96
2024-03-04T00:00:00.000Z,Orbit,high,5,5,15,0,10.84
2024-03-11T00:00:00.000Z,Forge,low,8,8,23,0,31.78
2024-03-11T00:00:00.000Z,Forge,medium,10,9,26,1,18.21
2024-03-11T00:00:00.000Z,Forge,high,6,5,18,1,11.04
2024-03-11T00:00:00.000Z,Horizon,low,8,7,8,1,26.15
2024-03-11T00:00:00.000Z,Horizon,medium,9,8,13,1,17.05
2024-03-11T00:00:00.000Z,Horizon,high,6,5,8,1,9.14
2024-03-11T00:00:00.000Z,Orbit,low,6,6,11,0,28.20
2024-03-11T00:00:00.000Z,Orbit,medium,10,9,22,1,17.93
2024-03-11T00:00:00.000Z,Orbit,high,6,6,15,0,10.13
2024-03-18T00:00:00.000Z,Forge,low,9,9,23,0,31.93
2024-03-18T00:00:00.000Z,Forge,medium,10,10,26,0,19.52
2024-03-18T00:00:00.000Z,Forge,high,8,7,19,1,10.69
2024-03-18T00:00:00.000Z,Horizon,low,6,5,9,1,27.31
2024-03-18T00:00:00.000Z,Horizon,medium,9,9,13,0,17.93
2024-03-18T00:00:00.000Z,Horizon,high,6,5,9,1,11.03
2024-03-18T00:00:00.000Z,Orbit,low,8,8,11,0,27.10
2024-03-18T00:00:00.000Z,Orbit,medium,9,8,23,1,17.92
2024-03-18T00:00:00.000Z,Orbit,high,7,7,15,0,10.00
2024-03-25T00:00:00.000Z,Forge,low,9,8,24,1,29.57
2024-03-25T00:00:00.000Z,Forge,medium,10,10,26,0,18.32
2024-03-25T00:00:00.000Z,Forge,high,6,6,19,0,10.38
2024-03-25T00:00:00.000Z,Horizon,low,7,7,9,0,26.47
2024-03-25T00:00:00.000Z,Horizon,medium,9,9,13,0,18.08
2024-03-25T00:00:00.000Z,Horizon,high,6,7,8,-1,10.85
2024-03-25T00:00:00.000Z,Orbit,low,7,7,11,0,26.74
2024-03-25T00:00:00.000Z,Orbit,medium,9,9,23,0,18.34
2024-03-25T00:00:00.000Z,Orbit,high,5,4,16,1,9.75
2024-04-01T00:00:00.000Z,Forge,low,7,6,25,1,30.21
2024-04-01T00:00:00.000Z,Forge,medium,10,10,26,0,18.73
2024-04-01T00:00:00.000Z,Forge,high,6,6,19,0,10.40
2024-04-01T00:00:00.000Z,Horizon,low,7,7,9,0,26.42
2024-04-01T00:00:00.000Z,Horizon,medium,8,8,13,0,18.61
2024-04-01T00:00:00.000Z,Horizon,high,5,5,8,0,10.34
2024-04-01T00:00:00.000Z,Orbit,low,6,5,12,1,27.82
2024-04-01T00:00:00.000Z,Orbit,medium,9,9,23,0,19.39
2024-04-01T00:00:00.000Z,Orbit,high,7,7,16,0,10.67
2024-04-08T00:00:00.000Z,Forge,low,9,8,26,1,30.35
2024-04-08T00:00:00.000Z,Forge,medium,10,10,26,0,20.18
2024-04-08T00:00:00.000Z,Forge,high,7,6,20,1,12.06
2024-04-08T00:00:00.000Z,Horizon,low,7,6,10,1,27.24
2024-04-08T00:00:00.000Z,Horizon,medium,10,9,14,1,17.33
2024-04-08T00:00:00.000Z,Horizon,high,6,6,8,0,9.38
2024-04-08T00:00:00.000Z,Orbit,low,6,5,13,1,28.15
2024-04-08T00:00:00.000Z,Orbit,medium,10,10,23,0,19.35
2024-04-08T00:00:00.000Z,Orbit,high,5,4,17,1,11.47
2024-04-15T00:00:00.000Z,Forge,low,8,8,26,0,31.38
2024-04-15T00:00:00.000Z,Forge,medium,10,9,27,1,18.94
2024-04-15T00:00:00.000Z,Forge,high,6,5,21,1,11.79
2024-04-15T00:00:00.000Z,Horizon,low,6,6,10,0,27.99
2024-04-15T00:00:00.000Z,Horizon,medium,10,9,15,1,16.70
2024-04-15T00:00:00.000Z,Horizon,high,5,5,8,0,10.51
2024-04-15T00:00:00.000Z,Orbit,low,7,6,14,1,28.03
2024-04-15T00:00:00.000Z,Orbit,medium,10,10,23,0,18.00
2024-04-15T00:00:00.000Z,Orbit,high,7,6,18,1,11.54
2024-04-22T00:00:00.000Z,Forge,low,9,8,27,1,30.57
2024-04-22T00:00:00.000Z,Forge,medium,11,11,27,0,18.26
2024-04-22T00:00:00.000Z,Forge,high,7,7,21,0,10.43
2024-04-22T00:00:00.000Z,Horizon,low,6,6,10,0,28.21
2024-04-22T00:00:00.000Z,Horizon,medium,9,9,15,0,17.99
2024-04-22T00:00:00.000Z,Horizon,high,5,5,8,0,10.81
2024-04-22T00:00:00.000Z,Orbit,low,6,6,14,0,28.25
2024-04-22T00:00:00.000Z,Orbit,medium,9,9,23,0,18.41
2024-04-22T00:00:00.000Z,Orbit,high,5,5,18,0,10.98
2024-04-29T00:00:00.000Z,Forge,low,7,7,27,0,32.90
2024-04-29T00:00:00.000Z,Forge,medium,11,11,27,0,19.38
2024-04-29T00:00:00.000Z,Forge,high,6,6,21,0,11.73
2024-04-29T00:00:00.000Z,Horizon,low,7,6,11,1,27.19
2024-04-29T00:00:00.000Z,Horizon,medium,7,7,15,0,18.88
2024-04-29T00:00:00.000Z,Horizon,high,6,7,7,-1,8.84
2024-04-29T00:00:00.000Z,Orbit,low,7,7,14,0,29.35
2024-04-29T00:00:00.000Z,Orbit,medium,9,9,23,0,17.87
2024-04-29T00:00:00.000Z,Orbit,high,6,6,18,0,10.12
2024-05-06T00:00:00.000Z,Forge,low,7,7,27,0,31.73
2024-05-06T00:00:00.000Z,Forge,medium,9,9,27,0,20.44
2024-05-06T00:00:00.000Z,Forge,high,6,6,21,0,11.78
2024-05-06T00:00:00.000Z,Horizon,low,6,7,10,-1,28.94
2024-05-06T00:00:00.000Z,Horizon,medium,9,8,16,1,18.34
2024-05-06T00:00:00.000Z,Horizon,high,5,4,8,1,10.81
2024-05-06T00:00:00.000Z,Orbit,low,6,6,14,0,27.57
2024-05-06T00:00:00.000Z,Orbit,medium,8,8,23,0,19.35
2024-05-06T00:00:00.000Z,Orbit,high,5,6,17,-1,10.03
2024-05-13T00:00:00.000Z,Forge,low,6,5,28,1,32.89
2024-05-13T00:00:00.000Z,Forge,medium,8,7,28,1,18.63
2024-05-13T00:00:00.000Z,Forge,high,5,5,21,0,11.38
2024-05-13T00:00:00.000Z,Horizon,low,5,5,10,0,27.45
2024-05-13T00:00:00.000Z,Horizon,medium,8,9,15,-1,17.45
2024-05-13T00:00:00.000Z,Horizon,high,5,5,8,0,10.50
2024-05-13T00:00:00.000Z,Orbit,low,6,6,14,0,28.37
2024-05-13T00:00:00.000Z,Orbit,medium,9,9,23,0,18.36
2024-05-13T00:00:00.000Z,Orbit,high,6,6,17,0,11.01
2024-05-20T00:00:00.000Z,Forge,low,7,7,28,0,31.51
2024-05-20T00:00:00.000Z,Forge,medium,8,9,27,-1,19.88
2024-05-20T00:00:00.000Z,Forge,high,7,6,22,1,10.40
2024-05-20T00:00:00.000Z,Horizon,low,6,7,9,-1,27.20
2024-05-20T00:00:00.000Z,Horizon,medium,8,7,16,1,18.64
2024-05-20T00:00:00.000Z,Horizon,high,5,6,7,-1,10.64
2024-05-20T00:00:00.000Z,Orbit,low,6,6,14,0,27.79
2024-05-20T00:00:00.000Z,Orbit,medium,7,7,23,0,19.18
2024-05-20T00:00:00.000Z,Orbit,high,4,4,17,0,10.53
2024-05-27T00:00:00.000Z,Forge,low,7,7,28,0,32.62
2024-05-27T00:00:00.000Z,Forge,medium,8,8,27,0,19.28
2024-05-27T00:00:00.000Z,Forge,high,6,6,22,0,11.56
2024-05-27T00:00:00.000Z,Horizon,low,5,5,9,0,27.75
2024-05-27T00:00:00.000Z,Horizon,medium,8,8,16,0,18.24
2024-05-27T00:00:00.000Z,Horizon,high,4,4,7,0,10.36
2024-05-27T00:00:00.000Z,Orbit,low,6,6,14,0,29.37
2024-05-27T00:00:00.000Z,Orbit,medium,9,9,23,0,18.57
2024-05-27T00:00:00.000Z,Orbit,high,4,5,16,-1,11.31
2024-06-03T00:00:00.000Z,Forge,low,7,7,28,0,31.13
2024-06-03T00:00:00.000Z,Forge,medium,8,8,27,0,18.42
2024-06-03T00:00:00.000Z,Forge,high,5,5,22,0,10.68
2024-06-03T00:00:00.000Z,Horizon,low,4,5,8,-1,26.61
2024-06-03T00:00:00.000Z,Horizon,medium,7,7,16,0,16.74
2024-06-03T00:00:00.000Z,Horizon,high,3,3,7,0,10.44
2024-06-03T00:00:00.000Z,Orbit,low,5,4,15,1,29.56
2024-06-03T00:00:00.000Z,Orbit,medium,8,7,24,1,19.92
2024-06-03T00:00:00.000Z,Orbit,high,3,3,16,0,9.96
2024-06-10T00:00:00.000Z,Forge,low,6,5,29,1,32.12
2024-06-10T00:00:00.000Z,Forge,medium,7,7,27,0,19.20
2024-06-10T00:00:00.000Z,Forge,high,4,3,23,1,10.22
2024-06-10T00:00:00.000Z,Horizon,low,4,4,8,0,26.82
2024-06-10T00:00:00.000Z,Horizon,medium,5,5,16,0,16.87
2024-06-10T00:00:00.000Z,Horizon,high,4,5,6,-1,10.65
2024-06-10T00:00:00.000Z,Orbit,low,5,5,15,0,28.15
2024-06-10T00:00:00.000Z,Orbit,medium,7,8,23,-1,19.62
2024-06-10T00:00:00.000Z,Orbit,high,4,3,17,1,10.33
2024-06-17T00:00:00.000Z,Forge,low,4,4,29,0,32.23
2024-06-17T00:00:00.000Z,Forge,medium,7,8,26,-1,20.36
2024-06-17T00:00:00.000Z,Forge,high,4,5,22,-1,11.62
2024-06-17T00:00:00.000Z,Horizon,low,5,4,9,1,27.62
2024-06-17T00:00:00.000Z,Horizon,medium,7,7,16,0,17.47
2024-06-17T00:00:00.000Z,Horizon,high,3,4,5,-1,8.72
2024-06-17T00:00:00.000Z,Orbit,low,6,5,16,1,29.37
2024-06-17T00:00:00.000Z,Orbit,medium,5,5,23,0,19.30
2024-06-17T00:00:00.000Z,Orbit,high,4,3,18,1,10.56
2024-06-24T00:00:00.000Z,Forge,low,5,5,29,0,31.54
2024-06-24T00:00:00.000Z,Forge,medium,7,6,27,1,18.12
2024-06-24T00:00:00.000Z,Forge,high,5,5,22,0,11.20
2024-06-24T00:00:00.000Z,Horizon,low,5,6,8,-1,26.19
2024-06-24T00:00:00.000Z,Horizon,medium,6,6,16,0,16.81
2024-06-24T00:00:00.000Z,Horizon,high,3,4,4,-1,8.98
2024-06-24T00:00:00.000Z,Orbit,low,5,5,16,0,29.38
2024-06-24T00:00:00.000Z,Orbit,medium,6,7,22,-1,19.28
2024-06-24T00:00:00.000Z,Orbit,high,3,4,17,-1,11.33
2024-07-01T00:00:00.000Z,Forge,low,5,4,30,1,31.37
2024-07-01T00:00:00.000Z,Forge,medium,8,8,27,0,19.70
2024-07-01T00:00:00.000Z,Forge,high,4,5,21,-1,12.43
2024-07-01T00:00:00.000Z,Horizon,low,4,4,8,0,26.40
2024-07-01T00:00:00.000Z,Horizon,medium,6,6,16,0,17.44
2024-07-01T00:00:00.000Z,Horizon,high,3,4,3,-1,9.22
2024-07-01T00:00:00.000Z,Orbit,low,4,4,16,0,28.79
2024-07-01T00:00:00.000Z,Orbit,medium,5,6,21,-1,19.32
2024-07-01T00:00:00.000Z,Orbit,high,6,5,18,1,11.86
2024-07-08T00:00:00.000Z,Forge,low,6,6,30,0,32.34
2024-07-08T00:00:00.000Z,Forge,medium,6,6,27,0,20.36
2024-07-08T00:00:00.000Z,Forge,high,5,6,20,-1,11.89
2024-07-08T00:00:00.000Z,Horizon,low,5,5,8,0,26.04
2024-07-08T00:00:00.000Z,Horizon,medium,5,6,15,-1,18.64
2024-07-08T00:00:00.000Z,Horizon,high,3,4,2,-1,9.55
2024-07-08T00:00:00.000Z,Orbit,low,5,5,16,0,28.51
2024-07-08T00:00:00.000Z,Orbit,medium,5,5,21,0,19.06
2024-07-08T00:00:00.000Z,Orbit,high,5,5,18,0,10.94
2024-07-15T00:00:00.000Z,Forge,low,4,5,29,-1,32.06
2024-07-15T00:00:00.000Z,Forge,medium,8,7,28,1,18.94
2024-07-15T00:00:00.000Z,Forge,high,4,5,19,-1,10.05
2024-07-15T00:00:00.000Z,Horizon,low,4,5,7,-1,28.03
2024-07-15T00:00:00.000Z,Horizon,medium,6,5,16,1,17.11
2024-07-15T00:00:00.000Z,Horizon,high,3,4,1,-1,8.11
2024-07-15T00:00:00.000Z,Orbit,low,5,6,15,-1,28.01
2024-07-15T00:00:00.000Z,Orbit,medium,7,7,21,0,19.69
2024-07-15T00:00:00.000Z,Orbit,high,4,4,18,0,9.94
2024-07-22T00:00:00.000Z,Forge,low,6,5,30,1,33.08
2024-07-22T00:00:00.000Z,Forge,medium,7,7,28,0,20.06
2024-07-22T00:00:00.000Z,Forge,high,5,6,18,-1,11.09
2024-07-22T00:00:00.000Z,Horizon,low,4,4,7,0,26.63
2024-07-22T00:00:00.000Z,Horizon,medium,5,6,15,-1,18.81
2024-07-22T00:00:00.000Z,Horizon,high,6,6,1,0,9.00
2024-07-22T00:00:00.000Z,Orbit,low,6,6,15,0,27.84
2024-07-22T00:00:00.000Z,Orbit,medium,7,7,21,0,19.49
2024-07-22T00:00:00.000Z,Orbit,high,4,5,17,-1,9.82
2024-07-29T00:00:00.000Z,Forge,low,5,5,30,0,33.27
2024-07-29T00:00:00.000Z,Forge,medium,6,6,28,0,20.01
2024-07-29T00:00:00.000Z,Forge,high,5,6,17,-1,9.77
2024-07-29T00:00:00.000Z,Horizon,low,5,4,8,1,27.02
2024-07-29T00:00:00.000Z,Horizon,medium,6,7,14,-1,16.70
2024-07-29T00:00:00.000Z,Horizon,high,4,5,0,-1,9.38
2024-07-29T00:00:00.000Z,Orbit,low,6,5,16,1,28.35
2024-07-29T00:00:00.000Z,Orbit,medium,6,5,22,1,17.66
2024-07-29T00:00:00.000Z,Orbit,high,3,3,17,0,10.04
2024-08-05T00:00:00.000Z,Forge,low,6,6,30,0,33.33
2024-08-05T00:00:00.000Z,Forge,medium,8,8,28,0,18.53
2024-08-05T00:00:00.000Z,Forge,high,6,7,16,-1,9.86
2024-08-05T00:00:00.000Z,Horizon,low,4,4,8,0,25.86
2024-08-05T00:00:00.000Z,Horizon,medium,6,6,14,0,18.16
2024-08-05T00:00:00.000Z,Horizon,high,5,5,11,0,9.17
2024-08-05T00:00:00.000Z,Orbit,low,6,5,17,1,27.89
2024-08-05T00:00:00.000Z,Orbit,medium,8,7,23,1,18.79
2024-08-05T00:00:00.000Z,Orbit,high,4,3,18,1,11.62
2024-08-12T00:00:00.000Z,Forge,low,7,8,29,-1,32.66
2024-08-12T00:00:00.000Z,Forge,medium,8,7,29,1,18.65
2024-08-12T00:00:00.000Z,Forge,high,6,6,16,0,9.69
2024-08-12T00:00:00.000Z,Horizon,low,4,4,8,0,27.30
2024-08-12T00:00:00.000Z,Horizon,medium,6,6,14,0,16.53
2024-08-12T00:00:00.000Z,Horizon,high,4,4,11,0,10.42
2024-08-12T00:00:00.000Z,Orbit,low,5,5,17,0,30.06
2024-08-12T00:00:00.000Z,Orbit,medium,7,8,22,-1,18.30
2024-08-12T00:00:00.000Z,Orbit,high,4,4,18,0,9.91
2024-08-19T00:00:00.000Z,Forge,low,6,6,29,0,31.23
2024-08-19T00:00:00.000Z,Forge,medium,8,7,30,1,18.63
2024-08-19T00:00:00.000Z,Forge,high,5,4,17,1,11.38
2024-08-19T00:00:00.000Z,Horizon,low,5,6,7,-1,25.96
2024-08-19T00:00:00.000Z,Horizon,medium,6,6,14,0,16.82
2024-08-19T00:00:00.000Z,Horizon,high,5,5,11,0,10.59
2024-08-19T00:00:00.000Z,Orbit,low,7,8,16,-1,29.32
2024-08-19T00:00:00.000Z,Orbit,medium,8,8,22,0,17.64
2024-08-19T00:00:00.000Z,Orbit,high,3,2,19,1,10.37
2024-08-26T00:00:00.000Z,Forge,low,6,5,30,1,32.67
2024-08-26T00:00:00.000Z,Forge,medium,9,10,29,-1,19.15
2024-08-26T00:00:00.000Z,Forge,high,5,6,16,-1,11.51
2024-08-26T00:00:00.000Z,Horizon,low,5,4,8,1,27.81
2024-08-26T00:00:00.000Z,Horizon,medium,8,8,14,0,17.96
2024-08-26T00:00:00.000Z,Horizon,high,5,4,12,1,9.15
2024-08-26T00:00:00.000Z,Orbit,low,5,5,16,0,30.15
2024-08-26T00:00:00.000Z,Orbit,medium,7,8,21,-1,17.48
2024-08-26T00:00:00.000Z,Orbit,high,5,6,18,-1,12.19
2024-09-02T00:00:00.000Z,Forge,low,6,5,31,1,32.37
2024-09-02T00:00:00.000Z,Forge,medium,8,8,29,0,20.39
2024-09-02T00:00:00.000Z,Forge,high,6,6,16,0,11.31
2024-09-02T00:00:00.000Z,Horizon,low,5,5,8,0,26.96
2024-09-02T00:00:00.000Z,Horizon,medium,7,8,13,-1,16.67
2024-09-02T00:00:00.000Z,Horizon,high,5,5,12,0,9.50
2024-09-02T00:00:00.000Z,Orbit,low,7,7,16,0,29.36
2024-09-02T00:00:00.000Z,Orbit,medium,9,8,22,1,17.40
2024-09-02T00:00:00.000Z,Orbit,high,5,4,19,1,10.13
2024-09-09T00:00:00.000Z,Forge,low,6,7,30,-1,32.73
2024-09-09T00:00:00.000Z,Forge,medium,10,11,28,-1,19.23
2024-09-09T00:00:00.000Z,Forge,high,6,6,16,0,11.88
2024-09-09T00:00:00.000Z,Horizon,low,6,6,8,0,26.13
2024-09-09T00:00:00.000Z,Horizon,medium,8,8,13,0,16.47
2024-09-09T00:00:00.000Z,Horizon,high,4,4,12,0,11.24
2024-09-09T00:00:00.000Z,Orbit,low,6,5,17,1,29.17
2024-09-09T00:00:00.000Z,Orbit,medium,7,7,22,0,18.89
2024-09-09T00:00:00.000Z,Orbit,high,6,5,20,1,10.46
2024-09-16T00:00:00.000Z,Forge,low,6,5,31,1,32.60
2024-09-16T00:00:00.000Z,Forge,medium,11,10,29,1,19.89
2024-09-16T00:00:00.000Z,Forge,high,6,6,16,0,10.98
2024-09-16T00:00:00.000Z,Horizon,low,6,6,8,0,27.60
2024-09-16T00:00:00.000Z,Horizon,medium,8,8,13,0,17.26
2024-09-16T00:00:00.000Z,Horizon,high,5,6,11,-1,10.13
2024-09-16T00:00:00.000Z,Orbit,low,5,6,16,-1,30.43
2024-09-16T00:00:00.000Z,Orbit,medium,8,8,22,0,17.97
2024-09-16T00:00:00.000Z,Orbit,high,5,4,21,1,10.78
2024-09-23T00:00:00.000Z,Forge,low,7,8,30,-1,32.74
2024-09-23T00:00:00.000Z,Forge,medium,9,10,28,-1,19.65
2024-09-23T00:00:00.000Z,Forge,high,7,7,16,0,11.25
2024-09-23T00:00:00.000Z,Horizon,low,6,5,9,1,26.13
2024-09-23T00:00:00.000Z,Horizon,medium,8,7,14,1,17.08
2024-09-23T00:00:00.000Z,Horizon,high,5,6,10,-1,9.18
2024-09-23T00:00:00.000Z,Orbit,low,6,6,16,0,29.19
2024-09-23T00:00:00.000Z,Orbit,medium,8,8,22,0,18.08
2024-09-23T00:00:00.000Z,Orbit,high,6,7,20,-1,12.24
2024-09-30T00:00:00.000Z,Forge,low,7,7,30,0,32.18
2024-09-30T00:00:00.000Z,Forge,medium,10,9,29,1,18.27
2024-09-30T00:00:00.000Z,Forge,high,5,5,16,0,10.07
2024-09-30T00:00:00.000Z,Horizon,low,7,7,9,0,27.72
2024-09-30T00:00:00.000Z,Horizon,medium,8,8,14,0,16.95
2024-09-30T00:00:00.000Z,Horizon,high,5,5,10,0,9.29
2024-09-30T00:00:00.000Z,Orbit,low,6,5,17,1,27.81
2024-09-30T00:00:00.000Z,Orbit,medium,9,9,22,0,18.06
2024-09-30T00:00:00.000Z,Orbit,high,5,5,20,0,11.46
2024-10-07T00:00:00.000Z,Forge,low,6,7,29,-1,32.96
2024-10-07T00:00:00.000Z,Forge,medium,10,10,29,0,19.08
2024-10-07T00:00:00.000Z,Forge,high,6,6,16,0,10.26
2024-10-07T00:00:00.000Z,Horizon,low,7,7,9,0,28.09
2024-10-07T00:00:00.000Z,Horizon,medium,9,8,15,1,18.52
2024-10-07T00:00:00.000Z,Horizon,high,4,5,9,-1,9.68
2024-10-07T00:00:00.000Z,Orbit,low,7,7,17,0,30.00
2024-10-07T00:00:00.000Z,Orbit,medium,10,9,23,1,19.67
2024-10-07T00:00:00.000Z,Orbit,high,6,5,21,1,11.07
2024-10-14T00:00:00.000Z,Forge,low,7,7,29,0,32.24
2024-10-14T00:00:00.000Z,Forge,medium,10,10,29,0,19.80
2024-10-14T00:00:00.000Z,Forge,high,7,7,16,0,11.66
2024-10-14T00:00:00.000Z,Horizon,low,5,6,8,-1,27.54
2024-10-14T00:00:00.000Z,Horizon,medium,9,9,15,0,16.98
2024-10-14T00:00:00.000Z,Horizon,high,6,5,10,1,9.54
2024-10-14T00:00:00.000Z,Orbit,low,8,8,17,0,30.41
2024-10-14T00:00:00.000Z,Orbit,medium,8,8,23,0,19.57
2024-10-14T00:00:00.000Z,Orbit,high,5,4,22,1,12.22
2024-10-21T00:00:00.000Z,Forge,low,7,6,30,1,33.27
2024-10-21T00:00:00.000Z,Forge,medium,10,10,29,0,18.80
2024-10-21T00:00:00.000Z,Forge,high,6,5,17,1,10.98
2024-10-21T00:00:00.000Z,Horizon,low,7,8,7,-1,27.09
2024-10-21T00:00:00.000Z,Horizon,medium,7,7,15,0,18.74
2024-10-21T00:00:00.000Z,Horizon,high,4,4,10,0,9.77
2024-10-21T00:00:00.000Z,Orbit,low,7,7,17,0,29.41
2024-10-21T00:00:00.000Z,Orbit,medium,9,9,23,0,19.15
2024-10-21T00:00:00.000Z,Orbit,high,5,5,22,0,11.30
2024-10-28T00:00:00.000Z,Forge,low,8,7,31,1,31.54
2024-10-28T00:00:00.000Z,Forge,medium,9,10,28,-1,20.29
2024-10-28T00:00:00.000Z,Forge,high,5,6,16,-1,11.57
2024-10-28T00:00:00.000Z,Horizon,low,6,7,6,-1,25.92
2024-10-28T00:00:00.000Z,Horizon,medium,7,6,16,1,18.77
2024-10-28T00:00:00.000Z,Horizon,high,5,5,10,0,9.22
2024-10-28T00:00:00.000Z,Orbit,low,6,5,18,1,29.92
2024-10-28T00:00:00.000Z,Orbit,medium,9,8,24,1,17.88
2024-10-28T00:00:00.000Z,Orbit,high,6,5,23,1,10.18
2024-11-04T00:00:00.000Z,Forge,low,7,7,31,0,33.57
2024-11-04T00:00:00.000Z,Forge,medium,9,8,29,1,19.97
2024-11-04T00:00:00.000Z,Forge,high,7,6,17,1,11.28
2024-11-04T00:00:00.000Z,Horizon,low,6,6,6,0,26.39
2024-11-04T00:00:00.000Z,Horizon,medium,8,9,15,-1,16.73
2024-11-04T00:00:00.000Z,Horizon,high,4,4,10,0,9.02
2024-11-04T00:00:00.000Z,Orbit,low,7,7,18,0,28.99
2024-11-04T00:00:00.000Z,Orbit,medium,8,7,25,1,20.06
2024-11-04T00:00:00.000Z,Orbit,high,5,4,24,1,10.38
2024-11-11T00:00:00.000Z,Forge,low,7,8,30,-1,33.62
2024-11-11T00:00:00.000Z,Forge,medium,10,9,30,1,18.41
2024-11-11T00:00:00.000Z,Forge,high,6,6,17,0,10.69
2024-11-11T00:00:00.000Z,Horizon,low,5,4,7,1,26.83
2024-11-11T00:00:00.000Z,Horizon,medium,8,7,16,1,16.93
2024-11-11T00:00:00.000Z,Horizon,high,5,6,9,-1,11.23
2024-11-11T00:00:00.000Z,Orbit,low,7,7,18,0,30.05
2024-11-11T00:00:00.000Z,Orbit,medium,9,8,26,1,20.14
2024-11-11T00:00:00.000Z,Orbit,high,5,5,24,0,11.86
2024-11-18T00:00:00.000Z,Forge,low,6,7,29,-1,32.40
2024-11-18T00:00:00.000Z,Forge,medium,8,9,29,-1,20.34
2024-11-18T00:00:00.000Z,Forge,high,6,5,18,1,10.67
2024-11-18T00:00:00.000Z,Horizon,low,6,6,7,0,26.95
2024-11-18T00:00:00.000Z,Horizon,medium,8,7,17,1,17.84
2024-11-18T00:00:00.000Z,Horizon,high,4,5,8,-1,8.78
2024-11-18T00:00:00.000Z,Orbit,low,5,4,19,1,29.08
2024-11-18T00:00:00.000Z,Orbit,medium,8,9,25,-1,19.94
2024-11-18T00:00:00.000Z,Orbit,high,5,4,25,1,11.85
2024-11-25T00:00:00.000Z,Forge,low,5,5,29,0,32.52
2024-11-25T00:00:00.000Z,Forge,medium,9,8,30,1,19.14
2024-11-25T00:00:00.000Z,Forge,high,6,6,18,0,9.81
2024-11-25T00:00:00.000Z,Horizon,low,5,5,7,0,25.62
2024-11-25T00:00:00.000Z,Horizon,medium,8,8,17,0,18.80
2024-11-25T00:00:00.000Z,Horizon,high,5,5,8,0,10.51
2024-11-25T00:00:00.000Z,Orbit,low,6,7,18,-1,29.00
2024-11-25T00:00:00.000Z,Orbit,medium,8,8,25,0,18.32
2024-11-25T00:00:00.000Z,Orbit,high,5,6,24,-1,10.84
2024-12-02T00:00:00.000Z,Forge,low,7,7,29,0,32.19
2024-12-02T00:00:00.000Z,Forge,medium,9,9,30,0,19.31
2024-12-02T00:00:00.000Z,Forge,high,6,6,18,0,10.02
2024-12-02T00:00:00.000Z,Horizon,low,6,6,7,0,25.72
2024-12-02T00:00:00.000Z,Horizon,medium,8,7,18,1,18.31
2024-12-02T00:00:00.000Z,Horizon,high,5,5,8,0,9.99
2024-12-02T00:00:00.000Z,Orbit,low,6,6,18,0,28.56
2024-12-02T00:00:00.000Z,Orbit,medium,7,8,24,-1,19.24
2024-12-02T00:00:00.000Z,Orbit,high,5,5,24,0,10.99
2024-12-09T00:00:00.000Z,Forge,low,7,7,29,0,31.27
2024-12-09T00:00:00.000Z,Forge,medium,8,9,29,-1,20.30
2024-12-09T00:00:00.000Z,Forge,high,4,3,19,1,11.57
2024-12-09T00:00:00.000Z,Horizon,low,5,4,8,1,26.21
2024-12-09T00:00:00.000Z,Horizon,medium,7,7,18,0,18.61
2024-12-09T00:00:00.000Z,Horizon,high,4,5,7,-1,10.03
2024-12-09T00:00:00.000Z,Orbit,low,6,6,18,0,29.25
2024-12-09T00:00:00.000Z,Orbit,medium,7,7,24,0,19.26
2024-12-09T00:00:00.000Z,Orbit,high,4,4,24,0,11.61
2024-12-16T00:00:00.000Z,Forge,low,6,7,28,-1,32.27
2024-12-16T00:00:00.000Z,Forge,medium,9,9,29,0,20.19
2024-12-16T00:00:00.000Z,Forge,high,5,6,18,-1,11.21
2024-12-16T00:00:00.000Z,Horizon,low,5,5,8,0,27.68
2024-12-16T00:00:00.000Z,Horizon,medium,7,7,18,0,16.99
2024-12-16T00:00:00.000Z,Horizon,high,4,5,6,-1,10.78
2024-12-16T00:00:00.000Z,Orbit,low,5,5,18,0,28.62
2024-12-16T00:00:00.000Z,Orbit,medium,8,8,24,0,18.28
2024-12-16T00:00:00.000Z,Orbit,high,5,5,24,0,10.81
2024-12-23T00:00:00.000Z,Forge,low,6,5,29,1,31.58
2024-12-23T00:00:00.000Z,Forge,medium,7,8,28,-1,20.12
2024-12-23T00:00:00.000Z,Forge,high,5,5,18,0,10.11
2024-12-23T00:00:00.000Z,Horizon,low,5,5,8,0,28.11
2024-12-23T00:00:00.000Z,Horizon,medium,6,7,17,-1,19.29
2024-12-23T00:00:00.000Z,Horizon,high,4,4,6,0,9.22
2024-12-23T00:00:00.000Z,Orbit,low,7,6,19,1,29.90
2024-12-23T00:00:00.000Z,Orbit,medium,8,8,24,0,18.97
2024-12-23T00:00:00.000Z,Orbit,high,5,6,23,-1,11.95
2024-12-30T00:00:00.000Z,Forge,low,6,6,29,0,32.37
2024-12-30T00:00:00.000Z,Forge,medium,7,8,27,-1,20.51
2024-12-30T00:00:00.000Z,Forge,high,4,5,17,-1,10.60
2024-12-30T00:00:00.000Z,Horizon,low,4,4,8,0,27.33
2024-12-30T00:00:00.000Z,Horizon,medium,8,7,18,1,18.35
2024-12-30T00:00:00.000Z,Horizon,high,4,5,5,-1,9.36
2024-12-30T00:00:00.000Z,Orbit,low,5,6,18,-1,30.71
2024-12-30T00:00:00.000Z,Orbit,medium,7,7,24,0,19.41
2024-12-30T00:00:00.000Z,Orbit,high,4,5,22,-1,11.92
2025-01-06T00:00:00.000Z,Forge,low,6,6,29,0,31.32
2025-01-06T00:00:00.000Z,Forge,medium,9,8,28,1,18.39
2025-01-06T00:00:00.000Z,Forge,high,5,6,16,-1,11.73
2025-01-06T00:00:00.000Z,Horizon,low,4,5,7,-1,27.23
2025-01-06T00:00:00.000Z,Horizon,medium,6,6,18,0,18.99
2025-01-06T00:00:00.000Z,Horizon,high,5,4,6,1,8.64
2025-01-06T00:00:00.000Z,Orbit,low,5,5,18,0,28.65
2025-01-06T00:00:00.000Z,Orbit,medium,7,7,24,0,19.02
2025-01-06T00:00:00.000Z,Orbit,high,4,4,22,0,12.44
2025-01-13T00:00:00.000Z,Forge,low,6,6,29,0,31.56
2025-01-13T00:00:00.000Z,Forge,medium,7,6,29,1,19.39
2025-01-13T00:00:00.000Z,Forge,high,5,5,16,0,9.74
2025-01-13T00:00:00.000Z,Horizon,low,5,5,7,0,25.58
2025-01-13T00:00:00.000Z,Horizon,medium,6,6,18,0,19.26
2025-01-13T00:00:00.000Z,Horizon,high,4,3,7,1,10.39
2025-01-13T00:00:00.000Z,Orbit,low,6,5,19,1,29.61
2025-01-13T00:00:00.000Z,Orbit,medium,7,6,25,1,18.43
2025-01-13T00:00:00.000Z,Orbit,high,4,5,21,-1,11.65
2025-01-20T00:00:00.000Z,Forge,low,6,6,29,0,33.30
2025-01-20T00:00:00.000Z,Forge,medium,7,7,29,0,19.01
2025-01-20T00:00:00.000Z,Forge,high,4,5,15,-1,9.59
2025-01-20T00:00:00.000Z,Horizon,low,6,6,7,0,27.19
2025-01-20T00:00:00.000Z,Horizon,medium,7,7,18,0,17.03
2025-01-20T00:00:00.000Z,Horizon,high,5,4,8,1,8.90
2025-01-20T00:00:00.000Z,Orbit,low,5,6,18,-1,29.80
2025-01-20T00:00:00.000Z,Orbit,medium,7,7,25,0,18.08
2025-01-20T00:00:00.000Z,Orbit,high,5,6,20,-1,10.63
2025-01-27T00:00:00.000Z,Forge,low,6,7,28,-1,32.38
2025-01-27T00:00:00.000Z,Forge,medium,9,8,30,1,18.31
2025-01-27T00:00:00.000Z,Forge,high,6,5,16,1,9.52
2025-01-27T00:00:00.000Z,Horizon,low,6,5,8,1,26.21
2025-01-27T00:00:00.000Z,Horizon,medium,6,6,18,0,19.20
2025-01-27T00:00:00.000Z,Horizon,high,4,4,8,0,9.55
2025-01-27T00:00:00.000Z,Orbit,low,7,7,18,0,28.44
2025-01-27T00:00:00.000Z,Orbit,medium,9,9,25,0,20.18
2025-01-27T00:00:00.000Z,Orbit,high,4,5,19,-1,12.17
2025-02-03T00:00:00.000Z,Forge,low,6,6,28,0,32.92
2025-02-03T00:00:00.000Z,Forge,medium,9,9,30,0,19.69
2025-02-03T00:00:00.000Z,Forge,high,6,6,16,0,10.66
2025-02-03T00:00:00.000Z,Horizon,low,5,5,8,0,26.70
2025-02-03T00:00:00.000Z,Horizon,medium,7,7,18,0,17.63
2025-02-03T00:00:00.000Z,Horizon,high,4,5,7,-1,9.89
2025-02-03T00:00:00.000Z,Orbit,low,7,6,19,1,29.68
2025-02-03T00:00:00.000Z,Orbit,medium,7,7,25,0,19.42
2025-02-03T00:00:00.000Z,Orbit,high,5,4,20,1,10.50
2025-02-10T00:00:00.000Z,Forge,low,6,6,28,0,33.14
2025-02-10T00:00:00.000Z,Forge,medium,8,7,31,1,20.39
2025-02-10T00:00:00.000Z,Forge,high,5,4,17,1,10.46
2025-02-10T00:00:00.000Z,Horizon,low,7,6,9,1,26.93
2025-02-10T00:00:00.000Z,Horizon,medium,7,6,19,1,18.82
2025-02-10T00:00:00.000Z,Horizon,high,7,7,7,0,8.68
2025-02-10T00:00:00.000Z,Orbit,low,6,6,19,0,29.78
2025-02-10T00:00:00.000Z,Orbit,medium,9,9,25,0,18.89
2025-02-10T00:00:00.000Z,Orbit,high,5,4,21,1,10.86
2025-02-17T00:00:00.000Z,Forge,low,8,8,28,0,31.43
2025-02-17T00:00:00.000Z,Forge,medium,10,9,32,1,20.34
2025-02-17T00:00:00.000Z,Forge,high,7,7,17,0,10.13
2025-02-17T00:00:00.000Z,Horizon,low,6,5,10,1,26.46
2025-02-17T00:00:00.000Z,Horizon,medium,7,7,19,0,18.51
2025-02-17T00:00:00.000Z,Horizon,high,6,5,8,1,10.10
2025-02-17T00:00:00.000Z,Orbit,low,7,7,19,0,29.49
2025-02-17T00:00:00.000Z,Orbit,medium,10,9,26,1,18.18
2025-02-17T00:00:00.000Z,Orbit,high,6,6,21,0,10.96
2025-02-24T00:00:00.000Z,Forge,low,8,7,29,1,31.67
2025-02-24T00:00:00.000Z,Forge,medium,9,10,31,-1,18.82
2025-02-24T00:00:00.000Z,Forge,high,6,7,16,-1,9.96
2025-02-24T00:00:00.000Z,Horizon,low,7,6,11,1,27.54
2025-02-24T00:00:00.000Z,Horizon,medium,8,8,19,0,18.64
2025-02-24T00:00:00.000Z,Horizon,high,5,5,8,0,10.63
2025-02-24T00:00:00.000Z,Orbit,low,8,8,19,0,30.17
2025-02-24T00:00:00.000Z,Orbit,medium,10,9,27,1,20.26
2025-02-24T00:00:00.000Z,Orbit,high,5,4,22,1,10.50
2025-03-03T00:00:00.000Z,Forge,low,7,7,29,0,31.98
2025-03-03T00:00:00.000Z,Forge,medium,10,11,30,-1,20.09
2025-03-03T00:00:00.000Z,Forge,high,9,8,17,1,11.50
2025-03-03T00:00:00.000Z,Horizon,low,6,5,12,1,26.94
2025-03-03T00:00:00.000Z,Horizon,medium,8,8,19,0,17.99
2025-03-03T00:00:00.000Z,Horizon,high,6,6,8,0,8.69
2025-03-03T00:00:00.000Z,Orbit,low,7,6,20,1,29.04
2025-03-03T00:00:00.000Z,Orbit,medium,9,9,27,0,18.42
2025-03-03T00:00:00.000Z,Orbit,high,5,5,22,0,11.55
2025-03-10T00:00:00.000Z,Forge,low,9,8,30,1,33.43
2025-03-10T00:00:00.000Z,Forge,medium,12,12,30,0,19.23
2025-03-10T00:00:00.000Z,Forge,high,7,7,17,0,10.53
2025-03-10T00:00:00.000Z,Horizon,low,6,6,12,0,28.78
2025-03-10T00:00:00.000Z,Horizon,medium,9,9,19,0,17.43
2025-03-10T00:00:00.000Z,Horizon,high,5,6,7,-1,9.09
2025-03-10T00:00:00.000Z,Orbit,low,8,7,21,1,30.82
2025-03-10T00:00:00.000Z,Orbit,medium,9,9,27,0,19.72
2025-03-10T00:00:00.000Z,Orbit,high,6,6,22,0,11.95
2025-03-17T00:00:00.000Z,Forge,low,7,7,30,0,32.35
2025-03-17T00:00:00.000Z,Forge,medium,11,10,31,1,19.21
2025-03-17T00:00:00.000Z,Forge,high,7,6,18,1,10.39
2025-03-17T00:00:00.000Z,Horizon,low,6,6,12,0,27.75
2025-03-17T00:00:00.000Z,Horizon,medium,11,10,20,1,17.58
2025-03-17T00:00:00.000Z,Horizon,high,5,5,7,0,10.63
2025-03-17T00:00:00.000Z,Orbit,low,6,6,21,0,31.45
2025-03-17T00:00:00.000Z,Orbit,medium,10,10,27,0,18.40
2025-03-17T00:00:00.000Z,Orbit,high,6,6,22,0,10.75
2025-03-24T00:00:00.000Z,Forge,low,9,8,31,1,31.56
2025-03-24T00:00:00.000Z,Forge,medium,11,11,31,0,20.27
2025-03-24T00:00:00.000Z,Forge,high,8,7,19,1,10.16
2025-03-24T00:00:00.000Z,Horizon,low,8,7,13,1,28.26
2025-03-24T00:00:00.000Z,Horizon,medium,10,10,20,0,17.70
2025-03-24T00:00:00.000Z,Horizon,high,7,7,7,0,9.76
2025-03-24T00:00:00.000Z,Orbit,low,7,7,21,0,31.09
2025-03-24T00:00:00.000Z,Orbit,medium,9,9,27,0,19.19
2025-03-24T00:00:00.000Z,Orbit,high,6,5,23,1,11.75
2025-03-31T00:00:00.000Z,Forge,low,9,9,31,0,31.72
2025-03-31T00:00:00.000Z,Forge,medium,10,9,32,1,18.68
2025-03-31T00:00:00.000Z,Forge,high,8,7,20,1,9.92
2025-03-31T00:00:00.000Z,Horizon,low,6,5,14,1,27.76
2025-03-31T00:00:00.000Z,Horizon,medium,9,9,20,0,18.89
2025-03-31T00:00:00.000Z,Horizon,high,5,6,6,-1,10.42
2025-03-31T00:00:00.000Z,Orbit,low,7,7,21,0,31.10
2025-03-31T00:00:00.000Z,Orbit,medium,10,9,28,1,19.55
2025-03-31T00:00:00.000Z,Orbit,high,6,6,23,0,12.49
2025-04-07T00:00:00.000Z,Forge,low,8,7,32,1,32.11
2025-04-07T00:00:00.000Z,Forge,medium,12,12,32,0,19.52
2025-04-07T00:00:00.000Z,Forge,high,7,7,20,0,12.17
2025-04-07T00:00:00.000Z,Horizon,low,6,6,14,0,28.05
2025-04-07T00:00:00.000Z,Horizon,medium,10,10,20,0,18.41
2025-04-07T00:00:00.000Z,Horizon,high,6,5,7,1,10.84
2025-04-07T00:00:00.000Z,Orbit,low,8,7,22,1,31.21
2025-04-07T00:00:00.000Z,Orbit,medium,11,10,29,1,20.47
2025-04-07T00:00:00.000Z,Orbit,high,7,6,24,1,10.52
2025-04-14T00:00:00.000Z,Forge,low,8,8,32,0,32.42
2025-04-14T00:00:00.000Z,Forge,medium,12,11,33,1,20.87
2025-04-14T00:00:00.000Z,Forge,high,7,6,21,1,10.07
2025-04-14T00:00:00.000Z,Horizon,low,6,6,14,0,29.33
2025-04-14T00:00:00.000Z,Horizon,medium,9,9,20,0,19.50
2025-04-14T00:00:00.000Z,Horizon,high,6,5,8,1,10.87
2025-04-14T00:00:00.000Z,Orbit,low,7,8,21,-1,30.69
2025-04-14T00:00:00.000Z,Orbit,medium,11,11,29,0,19.15
2025-04-14T00:00:00.000Z,Orbit,high,6,6,24,0,10.63
2025-04-21T00:00:00.000Z,Forge,low,8,8,32,0,33.64
2025-04-21T00:00:00.000Z,Forge,medium,11,10,34,1,19.97
2025-04-21T00:00:00.000Z,Forge,high,6,6,21,0,11.88
2025-04-21T00:00:00.000Z,Horizon,low,8,7,15,1,27.98
2025-04-21T00:00:00.000Z,Horizon,medium,8,7,21,1,17.42
2025-04-21T00:00:00.000Z,Horizon,high,5,4,9,1,9.80
2025-04-21T00:00:00.000Z,Orbit,low,7,7,21,0,29.86
2025-04-21T00:00:00.000Z,Orbit,medium,11,10,30,1,19.83
2025-04-21T00:00:00.000Z,Orbit,high,6,6,24,0,12.38
2025-04-28T00:00:00.000Z,Forge,low,6,6,32,0,32.00
2025-04-28T00:00:00.000Z,Forge,medium,10,9,35,1,20.28
2025-04-28T00:00:00.000Z,Forge,high,6,5,22,1,11.61
2025-04-28T00:00:00.000Z,Horizon,low,6,6,15,0,28.41
2025-04-28T00:00:00.000Z,Horizon,medium,9,9,21,0,18.27
2025-04-28T00:00:00.000Z,Horizon,high,6,6,9,0,10.14
2025-04-28T00:00:00.000Z,Orbit,low,7,7,21,0,29.50
2025-04-28T00:00:00.000Z,Orbit,medium,9,9,30,0,19.83
2025-04-28T00:00:00.000Z,Orbit,high,5,6,23,-1,12.76
2025-05-05T00:00:00.000Z,Forge,low,9,8,33,1,33.26
2025-05-05T00:00:00.000Z,Forge,medium,9,9,35,0,19.05
2025-05-05T00:00:00.000Z,Forge,high,6,7,21,-1,11.21
2025-05-05T00:00:00.000Z,Horizon,low,5,4,16,1,29.74
2025-05-05T00:00:00.000Z,Horizon,medium,9,8,22,1,19.29
2025-05-05T00:00:00.000Z,Horizon,high,4,4,9,0,9.39
2025-05-05T00:00:00.000Z,Orbit,low,6,6,21,0,30.51
2025-05-05T00:00:00.000Z,Orbit,medium,9,8,31,1,19.02
2025-05-05T00:00:00.000Z,Orbit,high,6,6,23,0,12.44
2025-05-12T00:00:00.000Z,Forge,low,8,8,33,0,33.22
2025-05-12T00:00:00.000Z,Forge,medium,10,10,35,0,19.49
2025-05-12T00:00:00.000Z,Forge,high,6,6,21,0,10.63
2025-05-12T00:00:00.000Z,Horizon,low,5,6,15,-1,28.49
2025-05-12T00:00:00.000Z,Horizon,medium,9,9,22,0,19.69
2025-05-12T00:00:00.000Z,Horizon,high,5,6,8,-1,9.38
2025-05-12T00:00:00.000Z,Orbit,low,7,7,21,0,31.23
2025-05-12T00:00:00.000Z,Orbit,medium,9,9,31,0,19.67
2025-05-12T00:00:00.000Z,Orbit,high,6,6,23,0,11.48
2025-05-19T00:00:00.000Z,Forge,low,7,6,34,1,32.60
2025-05-19T00:00:00.000Z,Forge,medium,10,10,35,0,19.27
2025-05-19T00:00:00.000Z,Forge,high,7,7,21,0,10.61
2025-05-19T00:00:00.000Z,Horizon,low,6,6,15,0,29.19
2025-05-19T00:00:00.000Z,Horizon,medium,8,8,22,0,18.28
2025-05-19T00:00:00.000Z,Horizon,high,4,4,8,0,8.87
2025-05-19T00:00:00.000Z,Orbit,low,6,7,20,-1,31.03
2025-05-19T00:00:00.000Z,Orbit,medium,8,9,30,-1,20.39
2025-05-19T00:00:00.000Z,Orbit,high,5,4,24,1,12.61
2025-05-26T00:00:00.000Z,Forge,low,6,6,34,0,34.26
2025-05-26T00:00:00.000Z,Forge,medium,8,7,36,1,20.92
2025-05-26T00:00:00.000Z,Forge,high,6,5,22,1,11.89
2025-05-26T00:00:00.000Z,Horizon,low,6,6,15,0,28.86
2025-05-26T00:00:00.000Z,Horizon,medium,7,7,22,0,18.20
2025-05-26T00:00:00.000Z,Horizon,high,4,4,8,0,10.18
2025-05-26T00:00:00.000Z,Orbit,low,5,5,20,0,30.66
2025-05-26T00:00:00.000Z,Orbit,medium,9,9,30,0,20.45
2025-05-26T00:00:00.000Z,Orbit,high,4,3,25,1,10.70
2025-06-02T00:00:00.000Z,Forge,low,6,5,35,1,33.05
2025-06-02T00:00:00.000Z,Forge,medium,9,8,37,1,19.62
2025-06-02T00:00:00.000Z,Forge,high,6,5,23,1,11.48
2025-06-02T00:00:00.000Z,Horizon,low,5,5,15,0,29.53
2025-06-02T00:00:00.000Z,Horizon,medium,7,7,22,0,19.72
2025-06-02T00:00:00.000Z,Horizon,high,4,4,8,0,10.25
2025-06-02T00:00:00.000Z,Orbit,low,5,6,19,-1,29.16
2025-06-02T00:00:00.000Z,Orbit,medium,7,7,30,0,19.45
2025-06-02T00:00:00.000Z,Orbit,high,4,4,25,0,12.16
2025-06-09T00:00:00.000Z,Forge,low,7,8,34,-1,33.45
2025-06-09T00:00:00.000Z,Forge,medium,8,9,36,-1,19.57
2025-06-09T00:00:00.000Z,Forge,high,6,5,24,1,12.39
2025-06-09T00:00:00.000Z,Horizon,low,5,4,16,1,28.97
2025-06-09T00:00:00.000Z,Horizon,medium,6,6,22,0,19.58
2025-06-09T00:00:00.000Z,Horizon,high,4,3,9,1,10.24
2025-06-09T00:00:00.000Z,Orbit,low,6,6,19,0,30.71
2025-06-09T00:00:00.000Z,Orbit,medium,6,7,29,-1,19.22
2025-06-09T00:00:00.000Z,Orbit,high,5,4,26,1,10.55
2025-06-16T00:00:00.000Z,Forge,low,6,7,33,-1,32.39
2025-06-16T00:00:00.000Z,Forge,medium,8,8,36,0,19.62
2025-06-16T00:00:00.000Z,Forge,high,5,6,23,-1,12.47
2025-06-16T00:00:00.000Z,Horizon,low,6,6,16,0,28.65
2025-06-16T00:00:00.000Z,Horizon,medium,6,6,22,0,17.91
2025-06-16T00:00:00.000Z,Horizon,high,3,4,8,-1,10.27
2025-06-16T00:00:00.000Z,Orbit,low,5,4,20,1,29.19
2025-06-16T00:00:00.000Z,Orbit,medium,7,6,30,1,20.62
2025-06-16T00:00:00.000Z,Orbit,high,5,4,27,1,11.88
2025-06-23T00:00:00.000Z,Forge,low,4,5,32,-1,33.32
2025-06-23T00:00:00.000Z,Forge,medium,7,8,35,-1,20.60
2025-06-23T00:00:00.000Z,Forge,high,3,3,23,0,10.38
2025-06-23T00:00:00.000Z,Horizon,low,4,5,15,-1,30.01
2025-06-23T00:00:00.000Z,Horizon,medium,7,7,22,0,19.75
2025-06-23T00:00:00.000Z,Horizon,high,3,4,7,-1,9.94
2025-06-23T00:00:00.000Z,Orbit,low,6,6,20,0,29.70
2025-06-23T00:00:00.000Z,Orbit,medium,6,7,29,-1,20.69
2025-06-23T00:00:00.000Z,Orbit,high,5,6,26,-1,10.89
2025-06-30T00:00:00.000Z,Forge,low,5,5,32,0,33.22
2025-06-30T00:00:00.000Z,Forge,medium,7,8,34,-1,19.77
2025-06-30T00:00:00.000Z,Forge,high,3,3,23,0,11.37
2025-06-30T00:00:00.000Z,Horizon,low,4,4,15,0,29.56
2025-06-30T00:00:00.000Z,Horizon,medium,6,6,22,0,17.47
2025-06-30T00:00:00.000Z,Horizon,high,3,4,6,-1,9.60
2025-06-30T00:00:00.000Z,Orbit,low,5,6,19,-1,31.12
2025-06-30T00:00:00.000Z,Orbit,medium,6,6,29,0,18.77
2025-06-30T00:00:00.000Z,Orbit,high,4,5,25,-1,10.87
2025-07-07T00:00:00.000Z,Forge,low,4,4,32,0,33.62
2025-07-07T00:00:00.000Z,Forge,medium,8,8,34,0,20.78
2025-07-07T00:00:00.000Z,Forge,high,5,5,23,0,10.59
2025-07-07T00:00:00.000Z,Horizon,low,4,5,14,-1,28.72
2025-07-07T00:00:00.000Z,Horizon,medium,5,5,22,0,19.37
2025-07-07T00:00:00.000Z,Horizon,high,4,4,6,0,9.99
2025-07-07T00:00:00.000Z,Orbit,low,5,6,18,-1,28.79
2025-07-07T00:00:00.000Z,Orbit,medium,6,7,28,-1,18.34
2025-07-07T00:00:00.000Z,Orbit,high,3,4,24,-1,11.64
2025-07-14T00:00:00.000Z,Forge,low,6,5,33,1,32.03
2025-07-14T00:00:00.000Z,Forge,medium,8,8,34,0,19.25
2025-07-14T00:00:00.000Z,Forge,high,5,6,22,-1,10.32
2025-07-14T00:00:00.000Z,Horizon,low,5,5,14,0,28.46
2025-07-14T00:00:00.000Z,Horizon,medium,6,6,22,0,18.37
2025-07-14T00:00:00.000Z,Horizon,high,3,3,6,0,9.63
2025-07-14T00:00:00.000Z,Orbit,low,4,5,17,-1,28.44
2025-07-14T00:00:00.000Z,Orbit,medium,6,7,27,-1,18.43
2025-07-14T00:00:00.000Z,Orbit,high,5,5,24,0,10.91
2025-07-21T00:00:00.000Z,Forge,low,6,5,34,1,32.45
2025-07-21T00:00:00.000Z,Forge,medium,7,7,34,0,20.41
2025-07-21T00:00:00.000Z,Forge,high,4,4,22,0,10.87
2025-07-21T00:00:00.000Z,Horizon,low,5,5,14,0,28.80
2025-07-21T00:00:00.000Z,Horizon,medium,6,6,22,0,18.56
2025-07-21T00:00:00.000Z,Horizon,high,4,5,5,-1,9.34
2025-07-21T00:00:00.000Z,Orbit,low,4,4,17,0,28.86
2025-07-21T00:00:00.000Z,Orbit,medium,8,9,26,-1,18.23
2025-07-21T00:00:00.000Z,Orbit,high,3,3,24,0,12.69
2025-07-28T00:00:00.000Z,Forge,low,5,6,33,-1,33.27
2025-07-28T00:00:00.000Z,Forge,medium,8,7,35,1,21.05
2025-07-28T00:00:00.000Z,Forge,high,4,3,23,1,11.04
2025-07-28T00:00:00.000Z,Horizon,low,4,4,14,0,28.10
2025-07-28T00:00:00.000Z,Horizon,medium,5,5,22,0,18.63
2025-07-28T00:00:00.000Z,Horizon,high,4,5,4,-1,10.49
2025-07-28T00:00:00.000Z,Orbit,low,5,6,16,-1,30.16
2025-07-28T00:00:00.000Z,Orbit,medium,7,8,25,-1,19.11
2025-07-28T00:00:00.000Z,Orbit,high,4,4,24,0,12.02
2025-08-04T00:00:00.000Z,Forge,low,5,4,34,1,33.14
2025-08-04T00:00:00.000Z,Forge,medium,9,10,34,-1,20.21
2025-08-04T00:00:00.000Z,Forge,high,4,4,23,0,11.61
2025-08-04T00:00:00.000Z,Horizon,low,5,5,14,0,28.69
2025-08-04T00:00:00.000Z,Horizon,medium,6,7,21,-1,18.06
2025-08-04T00:00:00.000Z,Horizon,high,3,2,5,1,8.38
2025-08-04T00:00:00.000Z,Orbit,low,4,4,16,0,29.31
2025-08-04T00:00:00.000Z,Orbit,medium,8,9,24,-1,19.70
2025-08-04T00:00:00.000Z,Orbit,high,3,3,24,0,12.09
2025-08-11T00:00:00.000Z,Forge,low,5,4,35,1,32.37
2025-08-11T00:00:00.000Z,Forge,medium,9,9,34,0,20.60
2025-08-11T00:00:00.000Z,Forge,high,6,6,23,0,12.46
2025-08-11T00:00:00.000Z,Horizon,low,5,5,14,0,29.23
2025-08-11T00:00:00.000Z,Horizon,medium,7,7,21,0,17.67
2025-08-11T00:00:00.000Z,Horizon,high,5,5,5,0,10.44
2025-08-11T00:00:00.000Z,Orbit,low,6,6,16,0,30.19
2025-08-11T00:00:00.000Z,Orbit,medium,8,9,23,-1,19.49
2025-08-11T00:00:00.000Z,Orbit,high,5,6,23,-1,12.63
2025-08-18T00:00:00.000Z,Forge,low,7,7,35,0,34.02
2025-08-18T00:00:00.000Z,Forge,medium,8,8,34,0,20.76
2025-08-18T00:00:00.000Z,Forge,high,4,4,23,0,11.68
2025-08-18T00:00:00.000Z,Horizon,low,4,4,14,0,28.12
2025-08-18T00:00:00.000Z,Horizon,medium,8,8,21,0,17.87
2025-08-18T00:00:00.000Z,Horizon,high,5,5,5,0,10.06
2025-08-18T00:00:00.000Z,Orbit,low,6,6,16,0,28.59
2025-08-18T00:00:00.000Z,Orbit,medium,8,9,22,-1,17.63
2025-08-18T00:00:00.000Z,Orbit,high,5,5,23,0,11.11
2025-08-25T00:00:00.000Z,Forge,low,8,8,35,0,34.19
2025-08-25T00:00:00.000Z,Forge,medium,8,8,34,0,20.38
2025-08-25T00:00:00.000Z,Forge,high,5,4,24,1,12.66
2025-08-25T00:00:00.000Z,Horizon,low,6,6,14,0,27.50
2025-08-25T00:00:00.000Z,Horizon,medium,8,7,22,1,17.63
2025-08-25T00:00:00.000Z,Horizon,high,5,4,6,1,9.91
2025-08-25T00:00:00.000Z,Orbit,low,7,6,17,1,29.07
2025-08-25T00:00:00.000Z,Orbit,medium,7,6,23,1,18.61
2025-08-25T00:00:00.000Z,Orbit,high,5,5,23,0,12.07
2025-09-01T00:00:00.000Z,Forge,low,8,8,35,0,34.57
2025-09-01T00:00:00.000Z,Forge,medium,8,8,34,0,20.82
2025-09-01T00:00:00.000Z,Forge,high,5,4,25,1,10.82
2025-09-01T00:00:00.000Z,Horizon,low,7,6,15,1,27.44
2025-09-01T00:00:00.000Z,Horizon,medium,8,8,22,0,19.42
2025-09-01T00:00:00.000Z,Horizon,high,6,6,6,0,9.53
2025-09-01T00:00:00.000Z,Orbit,low,7,7,17,0,28.89
2025-09-01T00:00:00.000Z,Orbit,medium,9,8,24,1,18.90
2025-09-01T00:00:00.000Z,Orbit,high,4,3,24,1,11.34
2025-09-08T00:00:00.000Z,Forge,low,8,7,36,1,34.82
2025-09-08T00:00:00.000Z,Forge,medium,8,8,34,0,20.36
2025-09-08T00:00:00.000Z,Forge,high,6,5,26,1,10.92
2025-09-08T00:00:00.000Z,Horizon,low,6,5,16,1,29.54
2025-09-08T00:00:00.000Z,Horizon,medium,7,6,23,1,19.43
2025-09-08T00:00:00.000Z,Horizon,high,4,4,6,0,9.08
2025-09-08T00:00:00.000Z,Orbit,low,6,6,17,0,28.72
2025-09-08T00:00:00.000Z,Orbit,medium,8,7,25,1,19.96
2025-09-08T00:00:00.000Z,Orbit,high,5,5,24,0,12.48
2025-09-15T00:00:00.000Z,Forge,low,7,6,37,1,35.10
2025-09-15T00:00:00.000Z,Forge,medium,11,10,35,1,20.09
2025-09-15T00:00:00.000Z,Forge,high,6,6,26,0,10.70
2025-09-15T00:00:00.000Z,Horizon,low,5,5,16,0,29.61
2025-09-15T00:00:00.000Z,Horizon,medium,8,8,23,0,19.86
2025-09-15T00:00:00.000Z,Horizon,high,6,6,6,0,8.55
2025-09-15T00:00:00.000Z,Orbit,low,7,6,18,1,29.94
2025-09-15T00:00:00.000Z,Orbit,medium,9,9,25,0,17.87
2025-09-15T00:00:00.000Z,Orbit,high,5,5,24,0,11.26
2025-09-22T00:00:00.000Z,Forge,low,7,7,37,0,33.66
2025-09-22T00:00:00.000Z,Forge,medium,9,10,34,-1,19.82
2025-09-22T00:00:00.000Z,Forge,high,7,6,27,1,11.11
2025-09-22T00:00:00.000Z,Horizon,low,7,6,17,1,30.15
2025-09-22T00:00:00.000Z,Horizon,medium,7,7,23,0,19.24
2025-09-22T00:00:00.000Z,Horizon,high,4,4,6,0,9.36
2025-09-22T00:00:00.000Z,Orbit,low,8,7,19,1,29.22
2025-09-22T00:00:00.000Z,Orbit,medium,10,10,25,0,19.71
2025-09-22T00:00:00.000Z,Orbit,high,6,5,25,1,12.71
2025-09-29T00:00:00.000Z,Forge,low,9,8,38,1,34.96
2025-09-29T00:00:00.000Z,Forge,medium,9,9,34,0,20.62
2025-09-29T00:00:00.000Z,Forge,high,7,8,26,-1,11.17
2025-09-29T00:00:00.000Z,Horizon,low,5,6,16,-1,30.13
2025-09-29T00:00:00.000Z,Horizon,medium,9,8,24,1,19.64
2025-09-29T00:00:00.000Z,Horizon,high,5,5,6,0,10.09
2025-09-29T00:00:00.000Z,Orbit,low,6,5,20,1,29.29
2025-09-29T00:00:00.000Z,Orbit,medium,9,9,25,0,20.05
2025-09-29T00:00:00.000Z,Orbit,high,5,6,24,-1,12.52
2025-10-06T00:00:00.000Z,Forge,low,8,7,39,1,35.32
2025-10-06T00:00:00.000Z,Forge,medium,10,9,35,1,19.62
2025-10-06T00:00:00.000Z,Forge,high,5,6,25,-1,11.24
2025-10-06T00:00:00.000Z,Horizon,low,6,6,16,0,28.65
2025-10-06T00:00:00.000Z,Horizon,medium,9,9,24,0,19.16
2025-10-06T00:00:00.000Z,Horizon,high,6,6,6,0,9.29
2025-10-06T00:00:00.000Z,Orbit,low,6,6,20,0,28.86
2025-10-06T00:00:00.000Z,Orbit,medium,9,9,25,0,18.06
2025-10-06T00:00:00.000Z,Orbit,high,5,5,24,0,11.34
2025-10-13T00:00:00.000Z,Forge,low,8,8,39,0,34.84
2025-10-13T00:00:00.000Z,Forge,medium,9,8,36,1,19.98
2025-10-13T00:00:00.000Z,Forge,high,8,8,25,0,12.24
2025-10-13T00:00:00.000Z,Horizon,low,7,7,16,0,29.54
2025-10-13T00:00:00.000Z,Horizon,medium,9,10,23,-1,18.16
2025-10-13T00:00:00.000Z,Horizon,high,5,4,7,1,10.08
2025-10-13T00:00:00.000Z,Orbit,low,6,6,20,0,30.57
2025-10-13T00:00:00.000Z,Orbit,medium,9,9,25,0,19.27
2025-10-13T00:00:00.000Z,Orbit,high,5,5,24,0,10.96
2025-10-20T00:00:00.000Z,Forge,low,7,8,38,-1,34.95
2025-10-20T00:00:00.000Z,Forge,medium,11,12,35,-1,19.21
2025-10-20T00:00:00.000Z,Forge,high,6,5,26,1,10.89
2025-10-20T00:00:00.000Z,Horizon,low,6,6,16,0,28.74
2025-10-20T00:00:00.000Z,Horizon,medium,8,7,24,1,18.45
2025-10-20T00:00:00.000Z,Horizon,high,5,5,7,0,9.35
2025-10-20T00:00:00.000Z,Orbit,low,7,7,20,0,31.20
2025-10-20T00:00:00.000Z,Orbit,medium,10,9,26,1,19.39
2025-10-20T00:00:00.000Z,Orbit,high,6,5,25,1,10.72
2025-10-27T00:00:00.000Z,Forge,low,7,7,38,0,34.36
2025-10-27T00:00:00.000Z,Forge,medium,12,11,36,1,19.61
2025-10-27T00:00:00.000Z,Forge,high,6,5,27,1,11.23
2025-10-27T00:00:00.000Z,Horizon,low,6,7,15,-1,28.43
2025-10-27T00:00:00.000Z,Horizon,medium,8,7,25,1,18.63
2025-10-27T00:00:00.000Z,Horizon,high,5,5,7,0,8.73
2025-10-27T00:00:00.000Z,Orbit,low,6,6,20,0,30.65
2025-10-27T00:00:00.000Z,Orbit,medium,8,8,26,0,18.14
2025-10-27T00:00:00.000Z,Orbit,high,6,5,26,1,12.22
2025-11-03T00:00:00.000Z,Forge,low,6,7,37,-1,35.41
2025-11-03T00:00:00.000Z,Forge,medium,9,9,36,0,20.32
2025-11-03T00:00:00.000Z,Forge,high,6,7,26,-1,11.29
2025-11-03T00:00:00.000Z,Horizon,low,7,6,16,1,28.48
2025-11-03T00:00:00.000Z,Horizon,medium,9,9,25,0,19.94
2025-11-03T00:00:00.000Z,Horizon,high,5,5,7,0,8.75
2025-11-03T00:00:00.000Z,Orbit,low,6,6,20,0,28.94
2025-11-03T00:00:00.000Z,Orbit,medium,8,8,26,0,18.67
2025-11-03T00:00:00.000Z,Orbit,high,6,7,25,-1,12.12
2025-11-10T00:00:00.000Z,Forge,low,8,8,37,0,35.08
2025-11-10T00:00:00.000Z,Forge,medium,9,10,35,-1,19.66
2025-11-10T00:00:00.000Z,Forge,high,5,6,25,-1,11.37
2025-11-10T00:00:00.000Z,Horizon,low,7,7,16,0,28.71
2025-11-10T00:00:00.000Z,Horizon,medium,8,7,26,1,19.26
2025-11-10T00:00:00.000Z,Horizon,high,4,3,8,1,9.68
2025-11-10T00:00:00.000Z,Orbit,low,6,5,21,1,31.19
2025-11-10T00:00:00.000Z,Orbit,medium,9,9,26,0,19.94
2025-11-10T00:00:00.000Z,Orbit,high,6,6,25,0,12.30
2025-11-17T00:00:00.000Z,Forge,low,8,9,36,-1,35.06
2025-11-17T00:00:00.000Z,Forge,medium,9,9,35,0,21.20
2025-11-17T00:00:00.000Z,Forge,high,5,6,24,-1,11.70
2025-11-17T00:00:00.000Z,Horizon,low,7,7,16,0,29.83
2025-11-17T00:00:00.000Z,Horizon,medium,7,7,26,0,18.24
2025-11-17T00:00:00.000Z,Horizon,high,5,5,8,0,8.76
2025-11-17T00:00:00.000Z,Orbit,low,6,5,22,1,29.96
2025-11-17T00:00:00.000Z,Orbit,medium,7,8,25,-1,18.33
2025-11-17T00:00:00.000Z,Orbit,high,6,5,26,1,11.27
2025-11-24T00:00:00.000Z,Forge,low,6,5,37,1,33.62
2025-11-24T00:00:00.000Z,Forge,medium,10,9,36,1,19.51
2025-11-24T00:00:00.000Z,Forge,high,6,6,24,0,12.38
2025-11-24T00:00:00.000Z,Horizon,low,6,6,16,0,27.99
2025-11-24T00:00:00.000Z,Horizon,medium,8,8,26,0,20.27
2025-11-24T00:00:00.000Z,Horizon,high,4,4,8,0,9.31
2025-11-24T00:00:00.000Z,Orbit,low,7,7,22,0,30.25
2025-11-24T00:00:00.000Z,Orbit,medium,9,9,25,0,19.74
2025-11-24T00:00:00.000Z,Orbit,high,6,6,26,0,11.79
2025-12-01T00:00:00.000Z,Forge,low,6,6,37,0,33.66
2025-12-01T00:00:00.000Z,Forge,medium,9,10,35,-1,19.69
2025-12-01T00:00:00.000Z,Forge,high,5,5,24,0,12.15
2025-12-01T00:00:00.000Z,Horizon,low,6,6,16,0,30.02
2025-12-01T00:00:00.000Z,Horizon,medium,8,7,27,1,18.25
2025-12-01T00:00:00.000Z,Horizon,high,5,5,8,0,10.95
2025-12-01T00:00:00.000Z,Orbit,low,7,7,22,0,31.51
2025-12-01T00:00:00.000Z,Orbit,medium,7,6,26,1,19.78
2025-12-01T00:00:00.000Z,Orbit,high,5,5,26,0,12.37
2025-12-08T00:00:00.000Z,Forge,low,7,7,37,0,34.45
2025-12-08T00:00:00.000Z,Forge,medium,9,8,36,1,19.96
2025-12-08T00:00:00.000Z,Forge,high,5,4,25,1,11.49
2025-12-08T00:00:00.000Z,Horizon,low,6,7,15,-1,28.89
2025-12-08T00:00:00.000Z,Horizon,medium,6,7,26,-1,19.37
2025-12-08T00:00:00.000Z,Horizon,high,5,5,8,0,10.19
2025-12-08T00:00:00.000Z,Orbit,low,6,6,22,0,31.20
2025-12-08T00:00:00.000Z,Orbit,medium,9,8,27,1,19.20
2025-12-08T00:00:00.000Z,Orbit,high,4,5,25,-1,11.69
2025-12-15T00:00:00.000Z,Forge,low,6,7,36,-1,33.21
2025-12-15T00:00:00.000Z,Forge,medium,8,8,36,0,19.24
2025-12-15T00:00:00.000Z,Forge,high,6,6,25,0,11.94
2025-12-15T00:00:00.000Z,Horizon,low,6,6,15,0,27.86
2025-12-15T00:00:00.000Z,Horizon,medium,6,6,26,0,19.10
2025-12-15T00:00:00.000Z,Horizon,high,5,5,8,0,10.62
2025-12-15T00:00:00.000Z,Orbit,low,6,7,21,-1,30.55
2025-12-15T00:00:00.000Z,Orbit,medium,7,8,26,-1,19.93
2025-12-15T00:00:00.000Z,Orbit,high,6,5,26,1,11.66
2025-12-22T00:00:00.000Z,Forge,low,6,5,37,1,33.03
2025-12-22T00:00:00.000Z,Forge,medium,9,8,37,1,20.87
2025-12-22T00:00:00.000Z,Forge,high,5,5,25,0,12.67
2025-12-22T00:00:00.000Z,Horizon,low,5,4,16,1,27.80
2025-12-22T00:00:00.000Z,Horizon,medium,7,7,26,0,19.84
2025-12-22T00:00:00.000Z,Horizon,high,4,5,7,-1,10.07
2025-12-22T00:00:00.000Z,Orbit,low,5,6,20,-1,29.73
2025-12-22T00:00:00.000Z,Orbit,medium,8,9,25,-1,19.41
2025-12-22T00:00:00.000Z,Orbit,high,4,4,26,0,11.72
2025-12-29T00:00:00.000Z,Forge,low,7,6,38,1,34.14
2025-12-29T00:00:00.000Z,Forge,medium,9,9,37,0,20.55
2025-12-29T00:00:00.000Z,Forge,high,5,4,26,1,12.89
2025-12-29T00:00:00.000Z,Horizon,low,6,6,16,0,28.44
2025-12-29T00:00:00.000Z,Horizon,medium,7,8,25,-1,19.08
2025-12-29T00:00:00.000Z,Horizon,high,4,5,6,-1,10.46
2025-12-29T00:00:00.000Z,Orbit,low,6,7,19,-1,29.68
2025-12-29T00:00:00.000Z,Orbit,medium,8,7,26,1,19.32
2025-12-29T00:00:00.000Z,Orbit,high,4,4,26,0,11.48
2026-01-05T00:00:00.000Z,Forge,low,7,6,39,1,34.19
2026-01-05T00:00:00.000Z,Forge,medium,8,8,37,0,20.99
2026-01-05T00:00:00.000Z,Forge,high,5,4,27,1,12.96
2026-01-05T00:00:00.000Z,Horizon,low,5,5,16,0,28.96
2026-01-05T00:00:00.000Z,Horizon,medium,7,7,25,0,19.79
2026-01-05T00:00:00.000Z,Horizon,high,4,5,5,-1,9.89
2026-01-05T00:00:00.000Z,Orbit,low,6,6,19,0,29.46
2026-01-05T00:00:00.000Z,Orbit,medium,8,8,26,0,18.65
2026-01-05T00:00:00.000Z,Orbit,high,4,4,26,0,12.10
2026-01-12T00:00:00.000Z,Forge,low,6,7,38,-1,34.41
2026-01-12T00:00:00.000Z,Forge,medium,10,10,37,0,19.72
2026-01-12T00:00:00.000Z,Forge,high,4,4,27,0,12.72
2026-01-12T00:00:00.000Z,Horizon,low,5,6,15,-1,28.04
2026-01-12T00:00:00.000Z,Horizon,medium,7,7,25,0,19.06
2026-01-12T00:00:00.000Z,Horizon,high,5,4,6,1,8.44
2026-01-12T00:00:00.000Z,Orbit,low,5,4,20,1,29.83
2026-01-12T00:00:00.000Z,Orbit,medium,8,7,27,1,19.84
2026-01-12T00:00:00.000Z,Orbit,high,5,6,25,-1,11.08
2026-01-19T00:00:00.000Z,Forge,low,7,7,38,0,34.41
2026-01-19T00:00:00.000Z,Forge,medium,8,8,37,0,19.37
2026-01-19T00:00:00.000Z,Forge,high,5,6,26,-1,11.07
2026-01-19T00:00:00.000Z,Horizon,low,6,5,16,1,28.42
2026-01-19T00:00:00.000Z,Horizon,medium,8,7,26,1,18.62
2026-01-19T00:00:00.000Z,Horizon,high,4,5,5,-1,9.95
2026-01-19T00:00:00.000Z,Orbit,low,6,6,20,0,28.94
2026-01-19T00:00:00.000Z,Orbit,medium,7,8,26,-1,20.17
2026-01-19T00:00:00.000Z,Orbit,high,5,5,25,0,12.70
2026-01-26T00:00:00.000Z,Forge,low,8,7,39,1,33.31
2026-01-26T00:00:00.000Z,Forge,medium,8,7,38,1,19.28
2026-01-26T00:00:00.000Z,Forge,high,6,7,25,-1,11.35
2026-01-26T00:00:00.000Z,Horizon,low,5,4,17,1,29.61
2026-01-26T00:00:00.000Z,Horizon,medium,7,7,26,0,18.52
2026-01-26T00:00:00.000Z,Horizon,high,4,4,5,0,9.93
2026-01-26T00:00:00.000Z,Orbit,low,6,5,21,1,30.71
2026-01-26T00:00:00.000Z,Orbit,medium,8,8,26,0,18.52
2026-01-26T00:00:00.000Z,Orbit,high,5,5,25,0,12.45
2026-02-02T00:00:00.000Z,Forge,low,6,6,39,0,35.90
2026-02-02T00:00:00.000Z,Forge,medium,10,10,38,0,21.41
2026-02-02T00:00:00.000Z,Forge,high,7,7,25,0,11.57
2026-02-02T00:00:00.000Z,Horizon,low,7,8,16,-1,29.72
2026-02-02T00:00:00.000Z,Horizon,medium,8,8,26,0,19.15
2026-02-02T00:00:00.000Z,Horizon,high,5,5,5,0,10.04
2026-02-02T00:00:00.000Z,Orbit,low,6,5,22,1,29.44
2026-02-02T00:00:00.000Z,Orbit,medium,8,8,26,0,19.32
2026-02-02T00:00:00.000Z,Orbit,high,6,6,25,0,11.37
2026-02-09T00:00:00.000Z,Forge,low,7,6,40,1,34.45
2026-02-09T00:00:00.000Z,Forge,medium,10,10,38,0,21.30
2026-02-09T00:00:00.000Z,Forge,high,7,8,24,-1,11.18
2026-02-09T00:00:00.000Z,Horizon,low,5,5,16,0,29.56
2026-02-09T00:00:00.000Z,Horizon,medium,8,8,26,0,19.98
2026-02-09T00:00:00.000Z,Horizon,high,5,4,6,1,9.27
2026-02-09T00:00:00.000Z,Orbit,low,6,6,22,0,31.49
2026-02-09T00:00:00.000Z,Orbit,medium,8,7,27,1,18.87
2026-02-09T00:00:00.000Z,Orbit,high,5,4,26,1,10.63
