{
  "hash": "e2fd6961",
  "configHash": "49138245",
  "lockfileHash": "f1154d67",
  "browserHash": "89a7ceb6",
  "optimized": {
    "@angular/common": {
      "src": "../../../../../node_modules/@angular/common/fesm2022/common.mjs",
      "file": "@angular_common.js",
      "fileHash": "8f953419",
      "needsInterop": false
    },
    "@angular/common/http": {
      "src": "../../../../../node_modules/@angular/common/fesm2022/http.mjs",
      "file": "@angular_common_http.js",
      "fileHash": "7d9a1cb0",
      "needsInterop": false
    },
    "@angular/core": {
      "src": "../../../../../node_modules/@angular/core/fesm2022/core.mjs",
      "file": "@angular_core.js",
      "fileHash": "076e9e42",
      "needsInterop": false
    },
    "@angular/forms": {
      "src": "../../../../../node_modules/@angular/forms/fesm2022/forms.mjs",
      "file": "@angular_forms.js",
      "fileHash": "725eb167",
      "needsInterop": false
    },
    "@angular/material/button": {
      "src": "../../../../../node_modules/@angular/material/fesm2022/button.mjs",
      "file": "@angular_material_button.js",
      "fileHash": "0922176f",
      "needsInterop": false
    },
    "@angular/material/core": {
      "src": "../../../../../node_modules/@angular/material/fesm2022/core.mjs",
      "file": "@angular_material_core.js",
      "fileHash": "62b42b78",
      "needsInterop": false
    },
    "@angular/material/dialog": {
      "src": "../../../../../node_modules/@angular/material/fesm2022/dialog.mjs",
      "file": "@angular_material_dialog.js",
      "fileHash": "9bccf07f",
      "needsInterop": false
    },
    "@angular/material/form-field": {
      "src": "../../../../../node_modules/@angular/material/fesm2022/form-field.mjs",
      "file": "@angular_material_form-field.js",
      "fileHash": "94604a94",
      "needsInterop": false
    },
    "@angular/material/icon": {
      "src": "../../../../../node_modules/@angular/material/fesm2022/icon.mjs",
      "file": "@angular_material_icon.js",
      "fileHash": "e8d46775",
      "needsInterop": false
    },
    "@angular/material/input": {
      "src": "../../../../../node_modules/@angular/material/fesm2022/input.mjs",
      "file": "@angular_material_input.js",
      "fileHash": "3a27f9ca",
      "needsInterop": false
    },
    "@angular/material/select": {
      "src": "../../../../../node_modules/@angular/material/fesm2022/select.mjs",
      "file": "@angular_material_select.js",
      "fileHash": "07c7804a",
      "needsInterop": false
    },
    "@angular/material/sidenav": {
      "src": "../../../../../node_modules/@angular/material/fesm2022/sidenav.mjs",
      "file": "@angular_material_sidenav.js",
      "fileHash": "6f7ded51",
      "needsInterop": false
    },
    "@angular/material/toolbar": {
      "src": "../../../../../node_modules/@angular/material/fesm2022/toolbar.mjs",
      "file": "@angular_material_toolbar.js",
      "fileHash": "797ec997",
      "needsInterop": false
    },
    "@angular/platform-browser": {
      "src": "../../../../../node_modules/@angular/platform-browser/fesm2022/platform-browser.mjs",
      "file": "@angular_platform-browser.js",
      "fileHash": "e868b45b",
      "needsInterop": false
    },
    "@angular/platform-browser/animations/async": {
      "src": "../../../../../node_modules/@angular/platform-browser/fesm2022/animations/async.mjs",
      "file": "@angular_platform-browser_animations_async.js",
      "fileHash": "254501ac",
      "needsInterop": false
    },
    "@angular/router": {
      "src": "../../../../../node_modules/@angular/router/fesm2022/router.mjs",
      "file": "@angular_router.js",
      "fileHash": "2c977a2d",
      "needsInterop": false
    },
    "@luzmo/ngx-embed": {
      "src": "../../../../../node_modules/@luzmo/ngx-embed/fesm2022/luzmo-ngx-embed.mjs",
      "file": "@luzmo_ngx-embed.js",
      "fileHash": "58225401",
      "needsInterop": false
    },
    "rxjs": {
      "src": "../../../../../node_modules/rxjs/dist/esm5/index.js",
      "file": "rxjs.js",
      "fileHash": "d1fedd0f",
      "needsInterop": false
    },
    "rxjs/operators": {
      "src": "../../../../../node_modules/rxjs/dist/esm5/operators/index.js",
      "file": "rxjs_operators.js",
      "fileHash": "c028abfa",
      "needsInterop": false
    },
    "userflow.js": {
      "src": "../../../../../node_modules/userflow.js/dist/userflow.es.js",
      "file": "userflow__js.js",
      "fileHash": "85679dad",
      "needsInterop": false
    }
  },
  "chunks": {
    "browser-ETGKTDAN": {
      "file": "browser-ETGKTDAN.js"
    },
    "chunk-UNAFWOQN": {
      "file": "chunk-UNAFWOQN.js"
    },
    "chunk-GO4XS4EP": {
      "file": "chunk-GO4XS4EP.js"
    },
    "chunk-3NU54PMC": {
      "file": "chunk-3NU54PMC.js"
    },
    "chunk-V2YKLW22": {
      "file": "chunk-V2YKLW22.js"
    },
    "chunk-YZMZK2VU": {
      "file": "chunk-YZMZK2VU.js"
    },
    "chunk-PHSUEM7I": {
      "file": "chunk-PHSUEM7I.js"
    },
    "chunk-VVLMC44M": {
      "file": "chunk-VVLMC44M.js"
    },
    "chunk-MUHZAL74": {
      "file": "chunk-MUHZAL74.js"
    },
    "chunk-GUBUMXVH": {
      "file": "chunk-GUBUMXVH.js"
    },
    "chunk-AQU2ZVYN": {
      "file": "chunk-AQU2ZVYN.js"
    },
    "chunk-SAVXX6OM": {
      "file": "chunk-SAVXX6OM.js"
    },
    "chunk-SG3BCSKH": {
      "file": "chunk-SG3BCSKH.js"
    },
    "chunk-PQ7O3X3G": {
      "file": "chunk-PQ7O3X3G.js"
    },
    "chunk-LJ4VCL4A": {
      "file": "chunk-LJ4VCL4A.js"
    }
  }
}